Name,Confidence,Object
Jar,69.67767333984375,186004.jpg
Box,64.78520202636719,186004.jpg
Pottery,61.027488708496094,186004.jpg
Person,93.94459533691406,187231.jpg
Human,93.94459533691406,187231.jpg
Box,93.6509017944336,187231.jpg
Pencil Box,93.2410888671875,187231.jpg
Birthday Cake,62.50751876831055,187231.jpg
Food,62.50751876831055,187231.jpg
Dessert,62.50751876831055,187231.jpg
Cake,62.50751876831055,187231.jpg
Treasure,97.25312042236328,187235.jpg
Person,94.62821197509766,187235.jpg
Human,94.62821197509766,187235.jpg
Box,93.30928802490234,187235.jpg
Porcelain,91.25291442871094,187235.jpg
Pottery,91.25291442871094,187235.jpg
Art,91.25291442871094,187235.jpg
Porcelain,99.99974822998047,187239.jpg
Pottery,99.99974822998047,187239.jpg
Art,99.99974822998047,187239.jpg
Purse,92.63392639160156,187239.jpg
Birthday Cake,83.260284423828125,187239.jpg
Food,83.260284423828125,187239.jpg
Meal,75.13800811767578,187239.jpg
Dish,74.29996490478516,187239.jpg
Jar,62.45651626586914,187239.jpg
Saucer,57.547889709472656,187239.jpg
Box,99.89640808105469,187240.jpg
Treasure,91.6626205444336,187240.jpg
Person,79.91239929199219,187240.jpg
Human,79.91239929199219,187240.jpg
Gold,72.3817367553711,187240.jpg
Plant,65.8187484741211,187240.jpg
Label,59.340911865234375,187240.jpg
Text,59.340911865234375,187240.jpg
Furniture,78.56407928466797,187998.jpg
Furniture,97.63447570800781,188002.jpg
Ring,67.2758560180664,188002.jpg
Accessories,67.2758560180664,188002.jpg
Jewelry,67.2758560180664,188002.jpg
Accessory,67.2758560180664,188002.jpg
Box,58.36386489868164,188002.jpg
Person,97.14532470703125,188006.jpg
Human,97.14532470703125,188006.jpg
Art,92.09366607666016,188006.jpg
Painting,84.729827880859375,188006.jpg
Meal,75.30150604248047,188006.jpg
Food,75.30150604248047,188006.jpg
Dish,74.619476318359375,188006.jpg
Pottery,58.385684967041016,188006.jpg
Drawing,55.600738525390625,188006.jpg
Box,99.833770751953125,188007.jpg
Treasure,91.80760955810547,188007.jpg
Buckle,97.0645751953125,188011.jpg
Ring,91.49359893798828,188011.jpg
Jewelry,91.49359893798828,188011.jpg
Accessories,91.49359893798828,188011.jpg
Accessory,91.49359893798828,188011.jpg
Wristwatch,65.7087631225586,188011.jpg
Belt,59.50150680541992,188011.jpg
Purse,96.89989471435547,188012.jpg
Accessories,96.89989471435547,188012.jpg
Bag,96.89989471435547,188012.jpg
Handbag,96.89989471435547,188012.jpg
Accessory,96.89989471435547,188012.jpg
Furniture,90.31488800048828,188012.jpg
Dessert,75.56720733642578,188012.jpg
Food,75.56720733642578,188012.jpg
Cake,65.354827880859375,188012.jpg
Rug,58.50678634643555,188012.jpg
Basket,84.54530334472656,188013.jpg
Ring,70.1494369506836,188013.jpg
Accessories,70.1494369506836,188013.jpg
Jewelry,70.1494369506836,188013.jpg
Accessory,70.1494369506836,188013.jpg
Accessories,93.1351089477539,188781.jpg
Accessory,93.1351089477539,188781.jpg
Ring,92.989959716796875,188781.jpg
Jewelry,92.989959716796875,188781.jpg
Crystal,55.70045471191406,188781.jpg
Person,97.11876678466797,188871.jpg
Human,97.11876678466797,188871.jpg
Accessories,70.81433868408203,188871.jpg
Drawing,68.381072998046875,188871.jpg
Art,68.381072998046875,188871.jpg
Face,66.37995147705078,188871.jpg
Jewelry,64.98804473876953,188871.jpg
Necklace,63.004058837890625,188871.jpg
Photography,62.018123626708984,188871.jpg
Pendant,55.104148864746094,188871.jpg
Jewelry,91.854522705078125,191139.jpg
Accessories,91.854522705078125,191139.jpg
Accessory,91.854522705078125,191139.jpg
Person,88.01875305175781,191139.jpg
Human,88.01875305175781,191139.jpg
Ring,70.638946533203125,191139.jpg
Bronze,57.076629638671875,191139.jpg
Bangles,55.06104278564453,191139.jpg
Gold,96.699066162109375,191836.jpg
Coin,84.841522216796875,191836.jpg
Money,84.841522216796875,191836.jpg
Bronze,76.30985260009766,191836.jpg
Locket,73.3448715209961,191836.jpg
Accessories,73.3448715209961,191836.jpg
Jewelry,73.3448715209961,191836.jpg
Pendant,73.3448715209961,191836.jpg
Accessory,73.3448715209961,191836.jpg
Coin,97.959991455078125,191837.jpg
Money,97.959991455078125,191837.jpg
Nickel,79.3838119506836,191837.jpg
Gold,76.49041748046875,191837.jpg
Coin,91.61750793457031,191838.jpg
Money,91.61750793457031,191838.jpg
Bronze,87.59192657470703,191838.jpg
Gold,85.1625747680664,191838.jpg
Locket,58.711299896240234,191838.jpg
Accessories,58.711299896240234,191838.jpg
Jewelry,58.711299896240234,191838.jpg
Pendant,58.711299896240234,191838.jpg
Accessory,58.711299896240234,191838.jpg
Furniture,99.88783264160156,192877.jpg
Sideboard,92.9822769165039,192877.jpg
Cabinet,79.122314453125,192877.jpg
Silver,73.99432373046875,192877.jpg
Bed,58.807613372802734,192877.jpg
Medicine Chest,58.27735900878906,192877.jpg
Furniture,99.72151184082031,192878.jpg
Silver,81.89125061035156,192878.jpg
Bed,69.4847412109375,192878.jpg
Locket,69.4544677734375,192879.jpg
Accessories,69.4544677734375,192879.jpg
Jewelry,69.4544677734375,192879.jpg
Pendant,69.4544677734375,192879.jpg
Accessory,69.4544677734375,192879.jpg
Jar,63.276153564453125,192879.jpg
Clock Tower,93.58509826660156,192881.jpg
Building,93.58509826660156,192881.jpg
Architecture,93.58509826660156,192881.jpg
Tower,93.58509826660156,192881.jpg
Wristwatch,85.589080810546875,192881.jpg
Ring,74.39119720458984,192881.jpg
Accessories,74.39119720458984,192881.jpg
Jewelry,74.39119720458984,192881.jpg
Accessory,74.39119720458984,192881.jpg
Jar,73.63755798339844,192891.jpg
Ring,72.2475357055664,192891.jpg
Accessories,72.2475357055664,192891.jpg
Jewelry,72.2475357055664,192891.jpg
Accessory,72.2475357055664,192891.jpg
Pottery,62.43282699584961,192891.jpg
Jacuzzi,97.405303955078125,193433.jpg
Tub,97.405303955078125,193433.jpg
Hot Tub,97.405303955078125,193433.jpg
Person,95.741668701171875,193433.jpg
Human,95.741668701171875,193433.jpg
Furniture,84.6593017578125,193433.jpg
Coffee Table,65.84758758544922,193433.jpg
Table,65.84758758544922,193433.jpg
Tabletop,58.574493408203125,193433.jpg
Cuff,57.55426788330078,193433.jpg
Ring,80.47337341308594,193434.jpg
Accessories,80.47337341308594,193434.jpg
Jewelry,80.47337341308594,193434.jpg
Accessory,80.47337341308594,193434.jpg
Platinum,75.12236785888672,193434.jpg
Furniture,72.82710266113281,193434.jpg
Buckle,62.26945877075195,193434.jpg
Harmonica,97.50859069824219,193435.jpg
Musical Instrument,97.50859069824219,193435.jpg
Box,94.09751892089844,193435.jpg
Silver,83.67607879638672,193733.jpg
Money,81.2554931640625,193733.jpg
Crystal,68.995819091796875,193733.jpg
Furniture,64.46476745605469,193733.jpg
Platinum,62.15962600708008,193733.jpg
Ring,61.84999465942383,193733.jpg
Accessories,61.84999465942383,193733.jpg
Jewelry,61.84999465942383,193733.jpg
Accessory,61.84999465942383,193733.jpg
Coin,57.325897216796875,193733.jpg
Box,97.6660385131836,193740.jpg
Porcelain,63.98021697998047,193740.jpg
Pottery,63.98021697998047,193740.jpg
Art,63.98021697998047,193740.jpg
Pencil Box,59.42527389526367,193740.jpg
Person,96.81307220458984,193741.jpg
Box,93.45391845703125,193741.jpg
Newborn,79.1270980834961,193741.jpg
Baby,79.1270980834961,193741.jpg
Face,70.206787109375,193741.jpg
Photography,63.014747619628906,193741.jpg
Portrait,61.439613342285156,193741.jpg
Porcelain,58.99910354614258,193741.jpg
Pottery,58.99910354614258,193741.jpg
Finger,57.925941467285156,193741.jpg
Porcelain,99.86279296875,193742.jpg
Art,99.86279296875,193742.jpg
Pottery,99.86279296875,193742.jpg
Painting,77.8011703491211,193742.jpg
Person,76.54979705810547,193742.jpg
Purse,65.27051544189453,193742.jpg
Accessories,65.27051544189453,193742.jpg
Bag,65.27051544189453,193742.jpg
Drawing,65.05662536621094,193742.jpg
Leisure Activities,64.3748779296875,193742.jpg
Box,99.3283462524414,193743.jpg
Person,94.833831787109375,193743.jpg
Human,94.833831787109375,193743.jpg
Treasure,87.7430419921875,193743.jpg
Porcelain,87.713134765625,193743.jpg
Pottery,87.713134765625,193743.jpg
Art,87.713134765625,193743.jpg
Box,99.5379867553711,193744.jpg
Porcelain,99.16136169433594,193744.jpg
Art,99.16136169433594,193744.jpg
Pottery,99.16136169433594,193744.jpg
Treasure,65.79462432861328,193744.jpg
Person,61.3340950012207,193744.jpg
Human,61.3340950012207,193744.jpg
Porcelain,99.7033462524414,193745.jpg
Pottery,99.7033462524414,193745.jpg
Art,99.7033462524414,193745.jpg
Jar,84.44705963134766,193745.jpg
Birthday Cake,84.25255584716797,193745.jpg
Person,82.59468078613281,193745.jpg
Vase,70.563201904296875,193745.jpg
Potted Plant,64.02220916748047,193745.jpg
Bird,57.976497650146484,193745.jpg
Sweets,57.479766845703125,193745.jpg
Box,98.15929412841797,193747.jpg
Person,82.897430419921875,193747.jpg
Human,82.897430419921875,193747.jpg
Pencil Box,80.5888442993164,193747.jpg
Porcelain,55.906219482421875,193747.jpg
Pottery,55.906219482421875,193747.jpg
Art,55.906219482421875,193747.jpg
Porcelain,99.99696350097656,193748.jpg
Pottery,99.99696350097656,193748.jpg
Art,99.99696350097656,193748.jpg
Box,98.50687408447266,193748.jpg
Box,99.7492446899414,193766.jpg
Person,99.23734283447266,193766.jpg
Human,99.23734283447266,193766.jpg
Porcelain,85.00435638427734,193766.jpg
Pottery,85.00435638427734,193766.jpg
Art,85.00435638427734,193766.jpg
Box,99.588623046875,193768.jpg
Treasure,92.734588623046875,193768.jpg
Porcelain,55.2237434387207,193768.jpg
Pottery,55.2237434387207,193768.jpg
Art,55.2237434387207,193768.jpg
Person,86.6180648803711,193770.jpg
Human,86.6180648803711,193770.jpg
Treasure,70.42974853515625,193770.jpg
Box,60.69700622558594,193770.jpg
Dessert,59.65092849731445,193770.jpg
Food,59.65092849731445,193770.jpg
Porcelain,98.61559295654297,193771.jpg
Pottery,98.61559295654297,193771.jpg
Art,98.61559295654297,193771.jpg
Box,85.77210998535156,193771.jpg
Meal,73.0338134765625,193771.jpg
Food,73.0338134765625,193771.jpg
Carton,57.66483688354492,193771.jpg
Cardboard,57.66483688354492,193771.jpg
Dish,57.16310501098633,193771.jpg
Box,80.03984069824219,193772.jpg
Treasure,77.11444091796875,193772.jpg
Purse,69.03218841552734,193772.jpg
Accessories,69.03218841552734,193772.jpg
Bag,69.03218841552734,193772.jpg
Handbag,69.03218841552734,193772.jpg
Accessory,69.03218841552734,193772.jpg
Porcelain,59.455810546875,193772.jpg
Pottery,59.455810546875,193772.jpg
Art,59.455810546875,193772.jpg
Box,99.85845947265625,193773.jpg
Porcelain,83.474578857421875,193773.jpg
Pottery,83.474578857421875,193773.jpg
Art,83.474578857421875,193773.jpg
Treasure,58.19000244140625,193773.jpg
Purse,96.428436279296875,193774.jpg
Accessories,96.428436279296875,193774.jpg
Bag,96.428436279296875,193774.jpg
Handbag,96.428436279296875,193774.jpg
Accessory,96.428436279296875,193774.jpg
Person,76.20233917236328,193774.jpg
Art,71.8423843383789,193774.jpg
Box,64.16744232177734,193774.jpg
Porcelain,56.58647537231445,193774.jpg
Pottery,56.58647537231445,193774.jpg
Furniture,86.26375579833984,193803.jpg
Ring,60.82917404174805,193803.jpg
Accessories,60.82917404174805,193803.jpg
Jewelry,60.82917404174805,193803.jpg
Accessory,60.82917404174805,193803.jpg
Box,92.3796157836914,193804.jpg
Art,74.64786529541016,193804.jpg
Person,70.0924301147461,193804.jpg
Human,70.0924301147461,193804.jpg
Person,97.97917175292969,193805.jpg
Human,97.97917175292969,193805.jpg
Box,90.15596008300781,193805.jpg
Treasure,71.151824951171875,193805.jpg
Furniture,60.84988021850586,193805.jpg
Art,57.51585006713867,193805.jpg
Cabinet,57.39022445678711,193805.jpg
Person,94.01178741455078,193806.jpg
Human,94.01178741455078,193806.jpg
Art,88.61693572998047,193806.jpg
Painting,82.960296630859375,193806.jpg
Mirror,56.466678619384766,193806.jpg
Accessories,95.50037384033203,193807.jpg
Accessory,95.50037384033203,193807.jpg
Jewelry,95.138336181640625,193807.jpg
Bangles,57.77067184448242,193807.jpg
Urn,84.85977935791016,193808.jpg
Pottery,84.85977935791016,193808.jpg
Jar,84.85977935791016,193808.jpg
Box,83.0511245727539,193808.jpg
Porcelain,81.26236724853516,193808.jpg
Art,81.26236724853516,193808.jpg
Treasure,84.9730453491211,193809.jpg
Furniture,83.20771789550781,193809.jpg
Box,75.346343994140625,193809.jpg
Art,63.16703414916992,193809.jpg
Silver,56.02815246582031,193809.jpg
Porcelain,55.0438117980957,193809.jpg
Pottery,55.0438117980957,193809.jpg
Ring,88.97825622558594,193814.jpg
Accessories,88.97825622558594,193814.jpg
Jewelry,88.97825622558594,193814.jpg
Accessory,88.97825622558594,193814.jpg
Bangles,56.56888961791992,193814.jpg
Person,98.98883056640625,193815.jpg
Human,98.98883056640625,193815.jpg
Art,91.45707702636719,193815.jpg
Painting,86.40699005126953,193815.jpg
Meal,60.5483283996582,193815.jpg
Food,60.5483283996582,193815.jpg
Person,98.578704833984375,193816.jpg
Human,98.578704833984375,193816.jpg
Accessories,95.55482482910156,193816.jpg
Accessory,95.55482482910156,193816.jpg
Jewelry,95.02360534667969,193816.jpg
Gold,82.40142059326172,193816.jpg
Ring,80.23457336425781,193816.jpg
Brooch,58.95711898803711,193816.jpg
Bangles,57.927879333496094,193816.jpg
Porcelain,72.56126403808594,193817.jpg
Art,72.56126403808594,193817.jpg
Pottery,72.56126403808594,193817.jpg
Jar,65.71953582763672,193817.jpg
Tin,59.03330612182617,193817.jpg
Person,95.41678619384766,193818.jpg
Human,95.41678619384766,193818.jpg
Bottle,89.35212707519531,193818.jpg
Box,73.17134857177734,193818.jpg
Cosmetics,68.16923522949219,193818.jpg
Silver,56.611427307128906,193818.jpg
Ring,97.83219909667969,193821.jpg
Accessories,97.83219909667969,193821.jpg
Jewelry,97.83219909667969,193821.jpg
Accessory,97.83219909667969,193821.jpg
Diamond,73.82161712646484,193821.jpg
Gemstone,73.82161712646484,193821.jpg
Gold,59.682674407958984,193821.jpg
Crystal,56.17667007446289,193821.jpg
Person,96.3471450805664,193822.jpg
Human,96.3471450805664,193822.jpg
Bronze,88.11919403076172,193822.jpg
Buckle,88.07234954833984,193822.jpg
Accessories,65.0191421508789,193822.jpg
Accessory,65.0191421508789,193822.jpg
Furniture,56.68757629394531,193822.jpg
Book,99.449737548828125,193825.jpg
Person,92.54327392578125,193825.jpg
Human,92.54327392578125,193825.jpg
Horse,73.14783477783203,193825.jpg
Animal,73.14783477783203,193825.jpg
Mammal,73.14783477783203,193825.jpg
Furniture,59.130279541015625,193825.jpg
Box,58.925594329833984,193825.jpg
Art,58.47539138793945,193825.jpg
Ashtray,89.8405990600586,193826.jpg
Rug,81.30384826660156,193826.jpg
Bracelet,78.27845764160156,193826.jpg
Jewelry,78.27845764160156,193826.jpg
Accessories,78.27845764160156,193826.jpg
Accessory,78.27845764160156,193826.jpg
Bottle,70.56497955322266,193827.jpg
Tabletop,64.77411651611328,193827.jpg
Furniture,64.77411651611328,193827.jpg
Jar,63.01467514038086,193827.jpg
Cosmetics,55.45276641845703,193827.jpg
Porcelain,99.9946517944336,193829.jpg
Pottery,99.9946517944336,193829.jpg
Art,99.9946517944336,193829.jpg
Bracelet,85.73937225341797,193829.jpg
Accessories,85.73937225341797,193829.jpg
Jewelry,85.73937225341797,193829.jpg
Accessory,85.73937225341797,193829.jpg
Saucer,59.75162887573242,193829.jpg
Meal,55.687313079833984,193829.jpg
Food,55.687313079833984,193829.jpg
Coin,93.6296157836914,193830.jpg
Money,93.6296157836914,193830.jpg
Bronze,84.486328125,193830.jpg
Nickel,59.34543991088867,193830.jpg
Bowl,56.48120880126953,193830.jpg
Person,92.11506652832031,193831.jpg
Human,92.11506652832031,193831.jpg
Art,84.85596466064453,193831.jpg
Hat,70.47481536865234,193831.jpg
Clothing,70.47481536865234,193831.jpg
Apparel,70.47481536865234,193831.jpg
Painting,65.61979675292969,193831.jpg
Accessories,58.06296157836914,193831.jpg
Accessory,58.06296157836914,193831.jpg
Pendant,56.07414627075195,193831.jpg
Ring,98.51514434814453,193834.jpg
Accessories,98.51514434814453,193834.jpg
Jewelry,98.51514434814453,193834.jpg
Accessory,98.51514434814453,193834.jpg
Cylinder,58.23762130737305,193834.jpg
Coin,55.35836410522461,193834.jpg
Money,55.35836410522461,193834.jpg
Treasure,92.90087127685547,193835.jpg
Accessories,85.84587860107422,193835.jpg
Accessory,85.84587860107422,193835.jpg
Jewelry,83.5653076171875,193835.jpg
Ring,82.73921203613281,193835.jpg
Furniture,79.65284729003906,193835.jpg
Bronze,57.5658073425293,193835.jpg
Wristwatch,82.1845932006836,193836.jpg
Platinum,81.29695892333984,193836.jpg
Buckle,71.26106262207031,193836.jpg
Furniture,65.845489501953125,193836.jpg
Diamond,63.4427604675293,193836.jpg
Accessories,63.4427604675293,193836.jpg
Jewelry,63.4427604675293,193836.jpg
Gemstone,63.4427604675293,193836.jpg
Accessory,63.4427604675293,193836.jpg
Crystal,60.04477310180664,193836.jpg
Silver,79.083404541015625,193837.jpg
Buckle,71.91778564453125,193837.jpg
Accessories,69.75146484375,193837.jpg
Belt,68.60375213623047,193837.jpg
Treasure,67.88580322265625,193837.jpg
Furniture,62.348384857177734,193837.jpg
Platinum,58.185646057128906,193837.jpg
Chair,57.43589782714844,193837.jpg
Crystal,55.73025131225586,193837.jpg
Jewelry,55.22355270385742,193837.jpg
Cooktop,85.68574523925781,193838.jpg
Indoors,85.68574523925781,193838.jpg
Furniture,68.47150421142578,193838.jpg
Box,56.05449295043945,193838.jpg
Person,91.67222595214844,193839.jpg
Human,91.67222595214844,193839.jpg
Box,87.25606536865234,193839.jpg
Treasure,62.85745620727539,193839.jpg
Ivory,58.23567199707031,193839.jpg
Box,91.83317565917969,193840.jpg
Treasure,87.85438537597656,193840.jpg
Gold,84.26087188720703,193840.jpg
Jewelry,98.29552459716797,193841.jpg
Accessories,98.29552459716797,193841.jpg
Accessory,98.29552459716797,193841.jpg
Bangles,98.26145935058594,193841.jpg
Ring,85.46240234375,193841.jpg
Gold,57.07737350463867,193841.jpg
Platinum,90.06288146972656,193842.jpg
Crystal,74.9303207397461,193842.jpg
Accessories,68.67747497558594,193842.jpg
Silver,68.48249053955078,193842.jpg
Diamond,68.29405975341797,193842.jpg
Gemstone,68.29405975341797,193842.jpg
Jewelry,68.29405975341797,193842.jpg
Dome,55.75141906738281,193842.jpg
Building,55.75141906738281,193842.jpg
Architecture,55.75141906738281,193842.jpg
Box,99.93843078613281,193843.jpg
Treasure,79.844635009765625,193843.jpg
Carton,65.04871368408203,193843.jpg
Cardboard,65.04871368408203,193843.jpg
Accessories,94.46453094482422,193844.jpg
Accessory,94.46453094482422,193844.jpg
Belt,94.2794418334961,193844.jpg
Jewelry,89.21129608154297,193844.jpg
Furniture,67.645172119140625,193844.jpg
Diamond,61.9586067199707,193844.jpg
Gemstone,61.9586067199707,193844.jpg
Bowl,57.733619689941406,193844.jpg
Couch,56.32477951049805,193844.jpg
Ring,94.824981689453125,193845.jpg
Accessories,94.824981689453125,193845.jpg
Jewelry,94.824981689453125,193845.jpg
Accessory,94.824981689453125,193845.jpg
Cylinder,73.89237213134766,193845.jpg
Bronze,65.160064697265625,193845.jpg
Person,96.37264251708984,193846.jpg
Human,96.37264251708984,193846.jpg
Art,94.07280731201172,193846.jpg
Drawing,87.88213348388672,193846.jpg
Pottery,68.13941955566406,193846.jpg
Painting,65.74300384521484,193846.jpg
Sketch,58.87189483642578,193846.jpg
Doodle,57.78538131713867,193846.jpg
Porcelain,56.76508712768555,193846.jpg
Belt,91.08184051513672,193847.jpg
Accessories,91.08184051513672,193847.jpg
Accessory,91.08184051513672,193847.jpg
Electronics,85.69416809082031,193847.jpg
Hardware,67.59223175048828,193847.jpg
Text,59.83133316040039,193847.jpg
Art,57.18951416015625,193847.jpg
Ring,85.79319763183594,193848.jpg
Accessories,85.79319763183594,193848.jpg
Jewelry,85.79319763183594,193848.jpg
Accessory,85.79319763183594,193848.jpg
Fisheye,60.08938217163086,193848.jpg
Silver,79.53741455078125,193849.jpg
Wristwatch,74.4849853515625,193849.jpg
Buckle,63.89911651611328,193849.jpg
Ring,60.58983612060547,193849.jpg
Accessories,60.58983612060547,193849.jpg
Jewelry,60.58983612060547,193849.jpg
Accessory,60.58983612060547,193849.jpg
Platinum,58.648616790771484,193849.jpg
Money,57.14464569091797,193849.jpg
Tin,72.743621826171875,193851.jpg
Buckle,71.00091552734375,193851.jpg
Ring,66.22096252441406,193851.jpg
Accessories,66.22096252441406,193851.jpg
Wax Seal,65.72936248779297,193851.jpg
Jar,60.39364242553711,193851.jpg
Sweets,60.01903533935547,193851.jpg
Food,60.01903533935547,193851.jpg
Pottery,59.98896026611328,193851.jpg
Gold,58.55064392089844,193851.jpg
Accessories,94.79546356201172,193852.jpg
Accessory,94.79546356201172,193852.jpg
Jewelry,93.94392395019531,193852.jpg
Gold,69.67777252197266,193852.jpg
Bangles,56.3081169128418,193852.jpg
Porcelain,99.6170654296875,193853.jpg
Art,99.6170654296875,193853.jpg
Pottery,99.6170654296875,193853.jpg
Painting,68.13011169433594,193853.jpg
Ivory,59.948978424072266,193853.jpg
Accessories,56.05900573730469,193853.jpg
Accessory,56.05900573730469,193853.jpg
Mailbox,76.087066650390625,193854.jpg
Letterbox,76.087066650390625,193854.jpg
Treasure,58.428714752197266,193854.jpg
Box,58.19769287109375,193854.jpg
Architecture,55.04798889160156,193854.jpg
Building,55.04798889160156,193854.jpg
Art,96.84907531738281,193855.jpg
Painting,93.90357971191406,193855.jpg
Person,59.5147705078125,193855.jpg
Human,59.5147705078125,193855.jpg
Treasure,97.8604507446289,193856.jpg
Gold,82.836822509765625,193856.jpg
Jacuzzi,94.152191162109375,193857.jpg
Tub,94.152191162109375,193857.jpg
Hot Tub,94.152191162109375,193857.jpg
Furniture,90.30379486083984,193857.jpg
Silver,85.58296966552734,193857.jpg
Architecture,75.67680358886719,193857.jpg
Building,75.67680358886719,193857.jpg
Pillar,68.74900817871094,193857.jpg
Column,68.74900817871094,193857.jpg
Furniture,99.6152114868164,193858.jpg
Tabletop,96.53507232666016,193858.jpg
Coffee Table,86.57384490966797,193858.jpg
Table,86.57384490966797,193858.jpg
Jar,62.192691802978516,193858.jpg
Gold,88.15038299560547,193859.jpg
Treasure,84.0383529663086,193859.jpg
Belt,68.34590148925781,193859.jpg
Accessories,68.34590148925781,193859.jpg
Accessory,68.34590148925781,193859.jpg
Jewelry,61.72557067871094,193859.jpg
Bangles,55.04560470581055,193859.jpg
Porcelain,99.8631362915039,193860.jpg
Art,99.8631362915039,193860.jpg
Pottery,99.8631362915039,193860.jpg
Painting,75.42180633544922,193860.jpg
Silver,93.4557113647461,193861.jpg
Ring,89.31304168701172,193861.jpg
Accessories,89.31304168701172,193861.jpg
Clock Tower,82.89210510253906,193861.jpg
Wristwatch,75.4275131225586,193861.jpg
Money,74.44336700439453,193861.jpg
Dish,74.43721771240234,193861.jpg
Meal,74.43721771240234,193861.jpg
Person,71.10972595214844,193861.jpg
Coin,70.023223876953125,193861.jpg
Person,98.21068572998047,193862.jpg
Human,98.21068572998047,193862.jpg
Accessories,92.5030746459961,193862.jpg
Jewelry,90.67107391357422,193862.jpg
Brooch,68.66639709472656,193862.jpg
Wristwatch,67.086883544921875,193862.jpg
Clock Tower,58.99181365966797,193862.jpg
Building,58.99181365966797,193862.jpg
Architecture,58.99181365966797,193862.jpg
Tower,58.99181365966797,193862.jpg
Porcelain,99.72211456298828,193863.jpg
Pottery,99.72211456298828,193863.jpg
Art,99.72211456298828,193863.jpg
Purse,97.4772720336914,193863.jpg
Accessories,97.4772720336914,193863.jpg
Bag,97.4772720336914,193863.jpg
Handbag,97.4772720336914,193863.jpg
Accessory,97.4772720336914,193863.jpg
Box,80.13524627685547,193863.jpg
Box,85.289520263671875,193864.jpg
Accessories,96.47718048095703,193865.jpg
Accessory,96.47718048095703,193865.jpg
Jewelry,93.3341293334961,193865.jpg
Person,89.835662841796875,193865.jpg
Human,89.835662841796875,193865.jpg
Ring,87.69454193115234,193865.jpg
Porcelain,95.0668716430664,193866.jpg
Pottery,95.0668716430664,193866.jpg
Art,95.0668716430664,193866.jpg
Box,87.717864990234375,193866.jpg
Box,99.76155090332031,193867.jpg
Treasure,91.95338439941406,193867.jpg
Furniture,90.72796630859375,193869.jpg
Jar,57.83650588989258,193869.jpg
Ashtray,91.50052642822266,193870.jpg
Furniture,81.43877410888672,193870.jpg
Crystal,56.087459564208984,193870.jpg
Box,71.9494400024414,193871.jpg
Book,66.56548309326172,193871.jpg
Lighter,65.108673095703125,193871.jpg
Person,96.7645263671875,193873.jpg
Human,96.7645263671875,193873.jpg
Bowl,69.40116882324219,193873.jpg
Bronze,60.8436393737793,193873.jpg
Pottery,55.79940414428711,193873.jpg
Buckle,55.79124450683594,193873.jpg
Person,94.83837127685547,193874.jpg
Human,94.83837127685547,193874.jpg
Gold,73.79097747802734,193874.jpg
Silver,72.47389221191406,193875.jpg
Art,69.431488037109375,193875.jpg
Bowl,97.379364013671875,193877.jpg
Porcelain,89.1209716796875,193877.jpg
Art,89.1209716796875,193877.jpg
Pottery,89.1209716796875,193877.jpg
Ring,82.5334243774414,193877.jpg
Silver,78.53985595703125,193877.jpg
Furniture,70.301361083984375,193877.jpg
Plant,66.28568267822266,193877.jpg
Soup Bowl,59.510154724121094,193877.jpg
Dish,58.61118698120117,193877.jpg
Box,98.73450469970703,193878.jpg
Art,92.31908416748047,193878.jpg
Porcelain,57.08613967895508,193878.jpg
Pottery,57.08613967895508,193878.jpg
Box,94.9809799194336,193879.jpg
Person,86.185333251953125,193879.jpg
Human,86.185333251953125,193879.jpg
Art,87.318511962890625,193880.jpg
Bowl,72.74427795410156,193880.jpg
Bronze,67.9100570678711,193880.jpg
Painting,60.98101043701172,193880.jpg
Jar,83.66607666015625,193881.jpg
Pottery,76.534576416015625,193881.jpg
Box,71.95403289794922,193881.jpg
Box,99.29151153564453,193882.jpg
Accessories,76.164825439453125,193883.jpg
Accessory,76.164825439453125,193883.jpg
Jewelry,74.84832763671875,193883.jpg
Gold,70.94017028808594,193883.jpg
Bangles,55.328495025634766,193883.jpg
Money,90.75049591064453,193884.jpg
Wristwatch,65.28026580810547,193884.jpg
Coin,64.5466537475586,193884.jpg
Camera,62.817256927490234,193884.jpg
Electronics,62.817256927490234,193884.jpg
Dollar,56.209774017333984,193884.jpg
Silver,55.87940979003906,193884.jpg
Tape,55.86118698120117,193884.jpg
Jewelry,90.74405670166016,193885.jpg
Accessories,90.74405670166016,193885.jpg
Accessory,90.74405670166016,193885.jpg
Wristwatch,90.68043518066406,193885.jpg
Money,64.93785858154297,193885.jpg
Coin,63.42148971557617,193885.jpg
Bronze,59.81822204589844,193885.jpg
Furniture,97.4511489868164,193886.jpg
Silver,66.82056427001953,193886.jpg
Meal,91.85533142089844,193888.jpg
Food,91.85533142089844,193888.jpg
Dish,89.37572479248047,193888.jpg
Tin,72.1220474243164,193888.jpg
Pottery,62.25825119018555,193888.jpg
Sweets,57.19611740112305,193888.jpg
Confectionery,57.19611740112305,193888.jpg
Soap,56.49967575073242,193888.jpg
Porcelain,94.7709732055664,193889.jpg
Art,94.7709732055664,193889.jpg
Pottery,94.7709732055664,193889.jpg
Painting,90.43842315673828,193889.jpg
Person,81.80301666259766,193889.jpg
Human,81.80301666259766,193889.jpg
Box,77.73731231689453,193889.jpg
Treasure,66.98198699951172,193889.jpg
Person,97.986663818359375,193890.jpg
Clock Tower,87.57781219482422,193890.jpg
Art,86.84395599365234,193890.jpg
Buckle,68.78778839111328,193890.jpg
Doodle,68.30660247802734,193890.jpg
Drawing,68.30660247802734,193890.jpg
Pottery,67.449371337890625,193890.jpg
Meal,59.005157470703125,193890.jpg
Bronze,58.99565887451172,193890.jpg
Statue,55.41890335083008,193890.jpg
Ring,73.345306396484375,193891.jpg
Accessories,73.345306396484375,193891.jpg
Jewelry,73.345306396484375,193891.jpg
Accessory,73.345306396484375,193891.jpg
Bracelet,68.6434097290039,193891.jpg
Tin,65.2995834350586,193891.jpg
Silver,98.98191833496094,193895.jpg
Furniture,72.27193450927734,193895.jpg
Ivory,57.5023078918457,193895.jpg
Purse,99.22096252441406,193896.jpg
Accessories,99.22096252441406,193896.jpg
Bag,99.22096252441406,193896.jpg
Handbag,99.22096252441406,193896.jpg
Accessory,99.22096252441406,193896.jpg
Buckle,86.35887145996094,193896.jpg
Gold,85.70451354980469,193896.jpg
Bronze,85.51008605957031,193896.jpg
Box,96.37122344970703,193897.jpg
Art,69.2647933959961,193897.jpg
Treasure,58.296142578125,193897.jpg
Box,86.9421615600586,193899.jpg
Bird,86.62377166748047,193899.jpg
Animal,86.62377166748047,193899.jpg
Horse,96.21416473388672,193901.jpg
Animal,96.21416473388672,193901.jpg
Mammal,96.21416473388672,193901.jpg
Ashtray,93.5741195678711,193901.jpg
Person,86.651092529296875,193901.jpg
Human,86.651092529296875,193901.jpg
Logo,57.26506805419922,193901.jpg
Symbol,57.26506805419922,193901.jpg
Trademark,57.26506805419922,193901.jpg
Box,92.2682876586914,193902.jpg
Treasure,77.12911224365234,193902.jpg
Porcelain,99.91243743896484,193903.jpg
Pottery,99.91243743896484,193903.jpg
Art,99.91243743896484,193903.jpg
Bowl,82.31707763671875,193903.jpg
Birthday Cake,73.0301742553711,193903.jpg
Food,73.0301742553711,193903.jpg
Dessert,73.0301742553711,193903.jpg
Cake,73.0301742553711,193903.jpg
Box,88.79907989501953,193904.jpg
Buckle,86.930877685546875,193905.jpg
Rug,77.49398040771484,193905.jpg
Art,71.4688949584961,193905.jpg
Pottery,66.79292297363281,193905.jpg
Person,65.21228790283203,193905.jpg
Human,65.21228790283203,193905.jpg
Box,96.51911926269531,193906.jpg
Treasure,99.38195037841797,193907.jpg
Rug,90.53135681152344,193907.jpg
Box,76.4039077758789,193907.jpg
Silver,92.6867446899414,193908.jpg
Furniture,79.95915222167969,193908.jpg
Bowl,63.953453063964844,193908.jpg
Box,83.7369155883789,193910.jpg
Art,76.22178649902344,193910.jpg
Treasure,75.579559326171875,193910.jpg
Box,99.24485778808594,193911.jpg
Treasure,96.93927001953125,193911.jpg
Box,99.21006774902344,193912.jpg
Treasure,72.86920166015625,193912.jpg
Art,62.738155364990234,193912.jpg
Box,98.7870101928711,193913.jpg
Porcelain,97.311767578125,193913.jpg
Art,97.311767578125,193913.jpg
Pottery,97.311767578125,193913.jpg
Box,99.18192291259766,193914.jpg
Treasure,73.77186584472656,193914.jpg
Person,69.22416687011719,193914.jpg
Human,69.22416687011719,193914.jpg
Treasure,97.15827178955078,193915.jpg
Bird,80.33099365234375,193915.jpg
Animal,80.33099365234375,193915.jpg
Bed,76.31856536865234,193915.jpg
Furniture,76.31856536865234,193915.jpg
Box,69.7232894897461,193915.jpg
Ivory,59.20780944824219,193915.jpg
Box,94.73626708984375,195094.jpg
Person,75.90495300292969,195094.jpg
Human,75.90495300292969,195094.jpg
Porcelain,99.7574234008789,195096.jpg
Pottery,99.7574234008789,195096.jpg
Art,99.7574234008789,195096.jpg
Person,92.84984588623047,195096.jpg
Box,77.046783447265625,195096.jpg
Birthday Cake,66.568115234375,195096.jpg
Food,66.568115234375,195096.jpg
Dessert,66.568115234375,195096.jpg
Plant,58.41238021850586,195096.jpg
Furniture,58.29379653930664,195096.jpg
Porcelain,99.54802703857422,195097.jpg
Pottery,99.54802703857422,195097.jpg
Art,99.54802703857422,195097.jpg
Box,96.86798095703125,195097.jpg
Furniture,94.57000732421875,195097.jpg
Treasure,59.721160888671875,195097.jpg
Furniture,99.98189544677734,195212.jpg
Mattress,99.76447296142578,195212.jpg
Diaper,99.256072998046875,195212.jpg
Jar,92.24295806884766,195213.jpg
Ring,84.47059631347656,195213.jpg
Accessories,84.47059631347656,195213.jpg
Jewelry,84.47059631347656,195213.jpg
Accessory,84.47059631347656,195213.jpg
Pottery,57.65081787109375,195213.jpg
Coin,90.1395263671875,195281.jpg
Money,90.1395263671875,195281.jpg
Painting,81.3306884765625,195281.jpg
Art,81.3306884765625,195281.jpg
Logo,80.41566467285156,195281.jpg
Symbol,80.41566467285156,195281.jpg
Silver,69.68744659423828,195281.jpg
Clock Tower,66.32782745361328,195281.jpg
Building,66.32782745361328,195281.jpg
Architecture,66.32782745361328,195281.jpg
Porcelain,93.62608337402344,195453.jpg
Art,93.62608337402344,195453.jpg
Pottery,93.62608337402344,195453.jpg
Ice Cream,74.11180114746094,195453.jpg
Outdoors,73.42009735107422,195453.jpg
Nature,70.64432525634766,195453.jpg
Jar,64.82819366455078,195453.jpg
Vase,62.8117561340332,195453.jpg
Drawing,55.73353576660156,195453.jpg
Meal,55.00861358642578,195453.jpg
Porcelain,97.39324188232422,195454.jpg
Art,97.39324188232422,195454.jpg
Pottery,97.39324188232422,195454.jpg
Person,83.96613311767578,195454.jpg
Clock Tower,80.4380874633789,195454.jpg
Building,80.4380874633789,195454.jpg
Ring,75.856689453125,195454.jpg
Accessories,75.856689453125,195454.jpg
Emblem,56.25026321411133,195454.jpg
Coin,55.483192443847656,195454.jpg
Accessories,96.81214141845703,196539.jpg
Accessory,96.81214141845703,196539.jpg
Jewelry,96.43812561035156,196539.jpg
Wristwatch,94.06177520751953,196539.jpg
Gold,81.93550109863281,196539.jpg
Person,77.00203704833984,196539.jpg
Ring,76.9421157836914,196539.jpg
Brooch,65.16466522216797,196539.jpg
Diamond,65.05546569824219,196539.jpg
Gemstone,65.05546569824219,196539.jpg
Bowl,99.3774642944336,196582.jpg
Milk,95.31195831298828,196582.jpg
Beverage,95.31195831298828,196582.jpg
Meal,73.4207534790039,196582.jpg
Jar,69.230743408203125,196582.jpg
Pottery,61.115882873535156,196582.jpg
Sink Faucet,60.30501937866211,196582.jpg
Soup Bowl,59.788936614990234,196582.jpg
Pot,58.21977996826172,196582.jpg
Furniture,57.41233825683594,196582.jpg
Person,98.81551361083984,196981.jpg
Human,98.81551361083984,196981.jpg
Jewelry,79.611297607421875,196981.jpg
Accessories,79.611297607421875,196981.jpg
Accessory,79.611297607421875,196981.jpg
Pottery,67.84269714355469,196981.jpg
Ring,67.6473159790039,196981.jpg
Porcelain,65.67608642578125,196981.jpg
Art,65.67608642578125,196981.jpg
Brooch,57.8017463684082,196981.jpg
Person,98.69963836669922,196983.jpg
Human,98.69963836669922,196983.jpg
Buckle,90.9051742553711,196983.jpg
Accessories,80.39763641357422,196983.jpg
Accessory,80.39763641357422,196983.jpg
Jewelry,72.12303924560547,196983.jpg
Ring,63.541473388671875,196983.jpg
Bronze,63.26750183105469,196983.jpg
Buckle,98.702362060546875,197682.jpg
Clock Tower,65.89838409423828,197682.jpg
Building,65.89838409423828,197682.jpg
Architecture,65.89838409423828,197682.jpg
Tower,65.89838409423828,197682.jpg
Ring,60.687198638916016,197682.jpg
Accessories,60.687198638916016,197682.jpg
Jewelry,60.687198638916016,197682.jpg
Accessory,60.687198638916016,197682.jpg
Bronze,56.21005630493164,197682.jpg
Buckle,98.79399108886719,197683.jpg
Locket,67.725372314453125,197683.jpg
Accessories,67.725372314453125,197683.jpg
Jewelry,67.725372314453125,197683.jpg
Pendant,67.725372314453125,197683.jpg
Accessory,67.725372314453125,197683.jpg
Ring,67.65858459472656,197683.jpg
Silver,98.47521209716797,198048.jpg
Ring,89.780670166015625,198048.jpg
Accessories,89.780670166015625,198048.jpg
Jewelry,89.780670166015625,198048.jpg
Accessory,89.780670166015625,198048.jpg
Crystal,62.411949157714844,198048.jpg
Ivory,59.3489990234375,198048.jpg
Furniture,59.01109313964844,198048.jpg
Art,57.94993209838867,198048.jpg
Emblem,86.66346740722656,198053.jpg
Symbol,86.66346740722656,198053.jpg
Meal,80.80084991455078,198053.jpg
Food,80.80084991455078,198053.jpg
Dish,77.62652587890625,198053.jpg
Pottery,68.08557891845703,198053.jpg
Wristwatch,60.090110778808594,198053.jpg
Art,59.96355438232422,198053.jpg
Logo,55.464393615722656,198053.jpg
Trademark,55.464393615722656,198053.jpg
Jewelry,96.13384246826172,198054.jpg
Accessories,96.13384246826172,198054.jpg
Accessory,96.13384246826172,198054.jpg
Bracelet,63.897098541259766,198054.jpg
Jewelry,98.14424133300781,198055.jpg
Accessories,98.14424133300781,198055.jpg
Accessory,98.14424133300781,198055.jpg
Bangles,90.2847671508789,198055.jpg
Belt,69.55353546142578,198055.jpg
Person,99.24364471435547,198058.jpg
Human,99.24364471435547,198058.jpg
Art,93.73859405517578,198058.jpg
Drawing,83.77494812011719,198058.jpg
Porcelain,79.26036071777344,198058.jpg
Pottery,79.26036071777344,198058.jpg
Doodle,63.981266021728516,198058.jpg
Painting,58.401145935058594,198058.jpg
Furniture,99.70033264160156,198067.jpg
Jacuzzi,81.45635223388672,198067.jpg
Tub,81.45635223388672,198067.jpg
Hot Tub,81.45635223388672,198067.jpg
Interior Design,76.52205657958984,198067.jpg
Indoors,76.52205657958984,198067.jpg
Mosquito Net,55.40964889526367,198067.jpg
Fire Screen,55.107059478759766,198067.jpg
Electronics,55.107059478759766,198067.jpg
Screen,55.107059478759766,198067.jpg
Art,96.58473205566406,198099.jpg
Box,84.76506805419922,198099.jpg
Sculpture,78.22834014892578,198099.jpg
Drawing,73.98126220703125,198099.jpg
Tomb,57.68741226196289,198099.jpg
Ivory,55.40744400024414,198099.jpg
Purse,77.04566955566406,198372.jpg
Accessories,77.04566955566406,198372.jpg
Bag,77.04566955566406,198372.jpg
Handbag,77.04566955566406,198372.jpg
Accessory,77.04566955566406,198372.jpg
Box,76.49590301513672,198372.jpg
Soil,75.60433197021484,198372.jpg
Crystal,59.47370147705078,198372.jpg
Gold,89.46873474121094,199067.jpg
Treasure,58.7287483215332,199067.jpg
Art,80.81929779052734,199068.jpg
Nature,79.87016296386719,199068.jpg
Drawing,76.0639419555664,199068.jpg
Outdoors,75.705322265625,199068.jpg
Railway,66.70049285888672,199068.jpg
Transportation,66.70049285888672,199068.jpg
Vehicle,59.07255554199219,199068.jpg
Urban,58.83837127685547,199068.jpg
Sketch,57.81595993041992,199068.jpg
Road,56.63706970214844,199068.jpg
Buckle,97.1479263305664,199718.jpg
Bronze,93.97537994384766,199718.jpg
Gold,83.061126708984375,199718.jpg
Ring,76.3023910522461,199718.jpg
Jewelry,76.3023910522461,199718.jpg
Accessories,76.3023910522461,199718.jpg
Accessory,76.3023910522461,199718.jpg
Statue,96.90587615966797,200349.jpg
Sculpture,96.90587615966797,200349.jpg
Art,96.90587615966797,200349.jpg
Turtle,79.30467224121094,200349.jpg
Animal,79.30467224121094,200349.jpg
Figurine,76.33209228515625,200349.jpg
Mammal,64.0701904296875,200349.jpg
Pet,63.38245391845703,200349.jpg
Silver,58.63227844238281,200349.jpg
Bronze,55.862327575683594,200349.jpg
Rug,89.70223236083984,200350.jpg
Box,87.50282287597656,200350.jpg
Art,66.99303436279297,200350.jpg
Accessories,92.89592742919922,200378.jpg
Accessory,92.89592742919922,200378.jpg
Ring,90.85553741455078,200378.jpg
Jewelry,90.85553741455078,200378.jpg
Gold,81.66021728515625,200378.jpg
Diamond,80.83197021484375,200378.jpg
Gemstone,80.83197021484375,200378.jpg
Ashtray,82.63059997558594,200379.jpg
Purse,80.07332611083984,200379.jpg
Bag,80.07332611083984,200379.jpg
Handbag,80.07332611083984,200379.jpg
Accessories,80.07332611083984,200379.jpg
Accessory,80.07332611083984,200379.jpg
Jewelry,64.10894775390625,200379.jpg
Box,99.22476959228516,200380.jpg
Treasure,96.61809539794922,200380.jpg
Gold,79.963897705078125,200380.jpg
Silver,59.24779510498047,200380.jpg
Treasure,94.21915435791016,200381.jpg
Purse,92.42161560058594,200381.jpg
Accessories,92.42161560058594,200381.jpg
Bag,92.42161560058594,200381.jpg
Handbag,92.42161560058594,200381.jpg
Accessory,92.42161560058594,200381.jpg
Gold,65.193450927734375,200381.jpg
Box,62.586910247802734,200381.jpg
Ivory,58.577369689941406,200381.jpg
Wristwatch,98.76859283447266,200382.jpg
Box,84.45185852050781,200382.jpg
Ivory,59.50010681152344,200382.jpg
Treasure,56.64289474487305,200382.jpg
Purse,99.563751220703125,200383.jpg
Accessories,99.563751220703125,200383.jpg
Bag,99.563751220703125,200383.jpg
Handbag,99.563751220703125,200383.jpg
Accessory,99.563751220703125,200383.jpg
Treasure,86.31280517578125,200383.jpg
Box,84.95098876953125,200383.jpg
Ivory,57.76413345336914,200383.jpg
Birthday Cake,81.75660705566406,200384.jpg
Food,81.75660705566406,200384.jpg
Dessert,81.75660705566406,200384.jpg
Cake,81.75660705566406,200384.jpg
Furniture,75.355224609375,200384.jpg
Box,67.1581802368164,200384.jpg
Soap,58.60654830932617,200384.jpg
Purse,99.36754608154297,200385.jpg
Accessories,99.36754608154297,200385.jpg
Bag,99.36754608154297,200385.jpg
Handbag,99.36754608154297,200385.jpg
Accessory,99.36754608154297,200385.jpg
Box,88.20726013183594,200385.jpg
Treasure,86.7894287109375,200385.jpg
Box,96.76310729980469,200386.jpg
Person,89.35826873779297,200386.jpg
Human,89.35826873779297,200386.jpg
Furniture,89.258331298828125,200386.jpg
Porcelain,86.45915222167969,200386.jpg
Art,86.45915222167969,200386.jpg
Pottery,86.45915222167969,200386.jpg
Wristwatch,67.80680847167969,200386.jpg
Silver,58.799468994140625,200386.jpg
Cabinet,55.07278060913086,200386.jpg
Porcelain,99.9835205078125,200387.jpg
Art,99.9835205078125,200387.jpg
Pottery,99.9835205078125,200387.jpg
Painting,71.12023162841797,200387.jpg
Rug,66.07788848876953,200387.jpg
Meal,55.3681755065918,200387.jpg
Food,55.3681755065918,200387.jpg
Accessories,91.16793060302734,200388.jpg
Accessory,91.16793060302734,200388.jpg
Jewelry,87.7108383178711,200388.jpg
Gemstone,86.10400390625,200388.jpg
Treasure,64.568115234375,200388.jpg
Emerald,55.948020935058594,200388.jpg
Box,99.1330795288086,200389.jpg
Treasure,90.12799835205078,200389.jpg
Gold,79.71524810791016,200389.jpg
Gift,58.73175811767578,200389.jpg
Treasure,94.300140380859375,200390.jpg
Box,87.00358581542969,200390.jpg
Rug,60.52992248535156,200390.jpg
Gold,58.99613571166992,200390.jpg
Treasure,95.4875717163086,200391.jpg
Purse,95.14913177490234,200391.jpg
Accessories,95.14913177490234,200391.jpg
Box,92.81719207763672,200391.jpg
Gold,91.44815826416016,200391.jpg
Coin,77.91014862060547,200391.jpg
Money,77.91014862060547,200391.jpg
Furniture,75.72978973388672,200391.jpg
Silver,75.11601257324219,200391.jpg
Bronze,55.13608169555664,200391.jpg
Box,75.70237731933594,200392.jpg
Box,97.2945556640625,200393.jpg
Diamond,98.35376739501953,200394.jpg
Aluminium,87.358123779296875,200394.jpg
Gold,67.33842468261719,200394.jpg
Box,66.29203033447266,200394.jpg
Lighting,63.51877212524414,200394.jpg
Foil,58.013240814208984,200394.jpg
Crystal,56.35495376586914,200394.jpg
Platinum,55.764320373535156,200394.jpg
Treasure,55.30757522583008,200394.jpg
Mineral,55.001731872558594,200394.jpg
Wristwatch,95.4667739868164,200395.jpg
Box,85.289520263671875,200395.jpg
Treasure,68.46309661865234,200395.jpg
Clock Tower,66.18645477294922,200395.jpg
Building,66.18645477294922,200395.jpg
Architecture,66.18645477294922,200395.jpg
Tower,66.18645477294922,200395.jpg
Gold,93.47967529296875,200396.jpg
Treasure,72.91849517822266,200396.jpg
Bronze,64.40837097167969,200396.jpg
Buckle,61.734413146972656,200396.jpg
Box,92.688018798828125,200400.jpg
Treasure,70.92088317871094,200400.jpg
Jar,75.12260437011719,200402.jpg
Pottery,70.34288024902344,200402.jpg
Wristwatch,68.34236145019531,200402.jpg
Box,65.812774658203125,200402.jpg
Ring,61.165287017822266,200402.jpg
Accessories,61.165287017822266,200402.jpg
Jewelry,61.165287017822266,200402.jpg
Silver,60.429378509521484,200402.jpg
Porcelain,55.0438117980957,200402.jpg
Art,55.0438117980957,200402.jpg
Silver,81.78641510009766,200405.jpg
Ring,96.53620910644531,200406.jpg
Accessories,96.53620910644531,200406.jpg
Jewelry,96.53620910644531,200406.jpg
Accessory,96.53620910644531,200406.jpg
Silver,92.783599853515625,200406.jpg
Crystal,87.23017883300781,200406.jpg
Diamond,81.99634552001953,200406.jpg
Gemstone,81.99634552001953,200406.jpg
Platinum,81.45780181884766,200406.jpg
Wristwatch,80.39813995361328,200406.jpg
Gold,88.894866943359375,200407.jpg
Coin,63.657386779785156,200407.jpg
Money,63.657386779785156,200407.jpg
Furniture,78.64929962158203,200408.jpg
Gold,61.408634185791016,200408.jpg
Accessories,80.16223907470703,200409.jpg
Accessory,80.16223907470703,200409.jpg
Gold,80.1292724609375,200409.jpg
Bronze,77.04631042480469,200409.jpg
Jewelry,74.67817687988281,200409.jpg
Pottery,66.18537902832031,200409.jpg
Art,56.75342559814453,200409.jpg
Ring,95.47130584716797,200410.jpg
Accessories,95.47130584716797,200410.jpg
Jewelry,95.47130584716797,200410.jpg
Accessory,95.47130584716797,200410.jpg
Furniture,75.82283020019531,200410.jpg
Silver,67.53826904296875,200410.jpg
Jewelry,97.37420654296875,200411.jpg
Accessories,97.37420654296875,200411.jpg
Accessory,97.37420654296875,200411.jpg
Ring,89.33336639404297,200411.jpg
Wristwatch,74.6190185546875,200411.jpg
Person,69.20344543457031,200411.jpg
Human,69.20344543457031,200411.jpg
Bangles,69.0641860961914,200411.jpg
Ring,66.09593963623047,200412.jpg
Accessories,66.09593963623047,200412.jpg
Jewelry,66.09593963623047,200412.jpg
Accessory,66.09593963623047,200412.jpg
Jacuzzi,63.595890045166016,200412.jpg
Tub,63.595890045166016,200412.jpg
Hot Tub,63.595890045166016,200412.jpg
Person,99.4061508178711,200413.jpg
Art,90.6788101196289,200413.jpg
Accessories,75.36528778076172,200413.jpg
Painting,72.65316009521484,200413.jpg
Porcelain,70.05121612548828,200413.jpg
Pottery,70.05121612548828,200413.jpg
Head,62.655357360839844,200413.jpg
Jewelry,62.356353759765625,200413.jpg
Floral Design,61.425323486328125,200413.jpg
Lute,55.19446563720703,200413.jpg
Art,85.875885009765625,200414.jpg
Ring,75.81036376953125,200414.jpg
Accessories,75.81036376953125,200414.jpg
Jewelry,75.81036376953125,200414.jpg
Accessory,75.81036376953125,200414.jpg
Drawing,74.13477325439453,200414.jpg
Box,56.53560256958008,200414.jpg
Money,82.60932922363281,200415.jpg
Coin,80.21623992919922,200415.jpg
Silver,57.28783416748047,200415.jpg
Gold,56.86275100708008,200415.jpg
Aluminium,79.73539733886719,200416.jpg
Lamp,73.69092559814453,200416.jpg
Ring,89.64849853515625,200417.jpg
Accessories,89.64849853515625,200417.jpg
Jewelry,89.64849853515625,200417.jpg
Accessory,89.64849853515625,200417.jpg
Silver,71.64375305175781,200417.jpg
Bronze,95.56590270996094,200418.jpg
Gold,76.1816635131836,200418.jpg
Treasure,57.97749328613281,200418.jpg
Buckle,57.142127990722656,200418.jpg
Buckle,64.17308044433594,200419.jpg
Gold,60.79930114746094,200419.jpg
Bronze,59.959503173828125,200419.jpg
Wristwatch,91.9692153930664,200421.jpg
Bronze,77.191680908203125,200421.jpg
Gold,74.515411376953125,200421.jpg
Coin,57.552345275878906,200421.jpg
Money,57.552345275878906,200421.jpg
Bronze,99.64678955078125,200425.jpg
Accessories,92.33440399169922,200425.jpg
Accessory,92.33440399169922,200425.jpg
Jewelry,90.47395324707031,200425.jpg
Ring,69.79673767089844,200425.jpg
Gold,66.09776306152344,200425.jpg
Buckle,59.451171875,200425.jpg
Accessories,90.86692810058594,200426.jpg
Accessory,90.86692810058594,200426.jpg
Jewelry,84.79463958740234,200426.jpg
Belt,75.1172103881836,200426.jpg
Bronze,58.79633712768555,200426.jpg
Silver,91.38187408447266,200427.jpg
Wristwatch,88.406890869140625,200427.jpg
Cuff,82.7791976928711,200427.jpg
Ring,71.181671142578125,200427.jpg
Accessories,71.181671142578125,200427.jpg
Jewelry,71.181671142578125,200427.jpg
Accessory,71.181671142578125,200427.jpg
Buckle,69.87992858886719,200427.jpg
Furniture,62.348384857177734,200427.jpg
Buckle,99.21417999267578,200428.jpg
Ring,88.16571807861328,200428.jpg
Accessories,88.16571807861328,200428.jpg
Jewelry,88.16571807861328,200428.jpg
Accessory,88.16571807861328,200428.jpg
Buckle,69.05750274658203,200430.jpg
Gold,65.34246826171875,200430.jpg
Bronze,59.336666107177734,200430.jpg
Ring,91.97025299072266,200431.jpg
Accessories,91.97025299072266,200431.jpg
Jewelry,91.97025299072266,200431.jpg
Accessory,91.97025299072266,200431.jpg
Wristwatch,89.3863754272461,200431.jpg
Silver,66.96473693847656,200431.jpg
Porcelain,99.800872802734375,200432.jpg
Pottery,99.800872802734375,200432.jpg
Art,99.800872802734375,200432.jpg
Painting,59.49534606933594,200432.jpg
Locket,56.05470275878906,200432.jpg
Accessories,56.05470275878906,200432.jpg
Jewelry,56.05470275878906,200432.jpg
Pendant,56.05470275878906,200432.jpg
Accessory,56.05470275878906,200432.jpg
Porcelain,99.970367431640625,200433.jpg
Pottery,99.970367431640625,200433.jpg
Art,99.970367431640625,200433.jpg
Person,99.21331787109375,200433.jpg
Human,99.21331787109375,200433.jpg
Clock Tower,69.43550109863281,200433.jpg
Building,69.43550109863281,200433.jpg
Architecture,69.43550109863281,200433.jpg
Tower,69.43550109863281,200433.jpg
Wristwatch,64.6617431640625,200433.jpg
Sphere,75.32219696044922,200437.jpg
Bowl,72.03460693359375,200437.jpg
Tire,66.0540542602539,200437.jpg
Coil,65.4513931274414,200437.jpg
Spiral,65.4513931274414,200437.jpg
Aluminium,63.69639587402344,200437.jpg
Pottery,59.11687088012695,200437.jpg
Plant,55.37110137939453,200437.jpg
Bronze,91.738922119140625,200458.jpg
Gold,91.22447967529297,200458.jpg
Buckle,84.32054901123047,200458.jpg
Person,97.16920471191406,200656.jpg
Painting,84.56565856933594,200656.jpg
Art,84.56565856933594,200656.jpg
Head,80.886260986328125,200656.jpg
Collage,79.57731628417969,200656.jpg
Advertisement,79.57731628417969,200656.jpg
Face,66.44258117675781,200656.jpg
LCD Screen,62.56341552734375,200656.jpg
Electronics,62.56341552734375,200656.jpg
Hair,56.103233337402344,200656.jpg
Porcelain,99.99308776855469,200832.jpg
Pottery,99.99308776855469,200832.jpg
Art,99.99308776855469,200832.jpg
Cup,83.60648345947266,200832.jpg
Jug,78.45265197753906,200832.jpg
Ice Cream,62.28624725341797,200832.jpg
Food,62.28624725341797,200832.jpg
Dessert,62.28624725341797,200832.jpg
Cream,62.28624725341797,200832.jpg
Pot,56.16421127319336,200832.jpg
Porcelain,99.9901351928711,200833.jpg
Pottery,99.9901351928711,200833.jpg
Art,99.9901351928711,200833.jpg
Jug,90.85277557373047,200833.jpg
Cup,66.197509765625,200833.jpg
Porcelain,91.22318267822266,200900.jpg
Pottery,91.22318267822266,200900.jpg
Art,91.22318267822266,200900.jpg
Furniture,91.0840835571289,200900.jpg
Plant,86.792633056640625,200900.jpg
Soap,83.46247863769531,200900.jpg
Silver,75.81909942626953,200900.jpg
Food,56.54024887084961,200900.jpg
Ring,87.5903549194336,200967.jpg
Accessories,87.5903549194336,200967.jpg
Jewelry,87.5903549194336,200967.jpg
Accessory,87.5903549194336,200967.jpg
Silver,78.72217559814453,200967.jpg
Jar,71.37064361572266,200967.jpg
Pottery,66.68286895751953,200967.jpg
Box,91.1701431274414,201704.jpg
Treasure,86.8488998413086,201704.jpg
Person,73.92047119140625,201704.jpg
Human,73.92047119140625,201704.jpg
Flower,55.567745208740234,201704.jpg
Plant,55.567745208740234,201704.jpg
Blossom,55.567745208740234,201704.jpg
Icing,86.60014343261719,201878.jpg
Food,86.60014343261719,201878.jpg
Dessert,86.60014343261719,201878.jpg
Cream,86.60014343261719,201878.jpg
Cake,86.60014343261719,201878.jpg
Creme,86.60014343261719,201878.jpg
Box,79.08863830566406,201878.jpg
Porcelain,99.4536361694336,201879.jpg
Pottery,99.4536361694336,201879.jpg
Art,99.4536361694336,201879.jpg
Person,93.63997650146484,201879.jpg
Human,93.63997650146484,201879.jpg
Furniture,56.24325942993164,201879.jpg
Box,90.046966552734375,202280.jpg
Porcelain,99.983489990234375,203200.jpg
Pottery,99.983489990234375,203200.jpg
Art,99.983489990234375,203200.jpg
Bowl,99.63677978515625,203200.jpg
Ring,86.37049865722656,203200.jpg
Accessories,86.37049865722656,203200.jpg
Jewelry,86.37049865722656,203200.jpg
Accessory,86.37049865722656,203200.jpg
Soup Bowl,56.91328811645508,203200.jpg
Bowl,99.7626953125,203251.jpg
Porcelain,99.5279312133789,203251.jpg
Pottery,99.5279312133789,203251.jpg
Art,99.5279312133789,203251.jpg
Ring,94.70616149902344,203251.jpg
Food,76.06119537353516,203251.jpg
Petal,75.62339782714844,203251.jpg
Plant,75.62339782714844,203251.jpg
Jar,69.58857727050781,203251.jpg
Vase,68.58031463623047,203251.jpg
Box,93.74889373779297,203623.jpg
Box,97.287261962890625,203624.jpg
Box,98.30707550048828,203630.jpg
Person,86.04698944091797,203630.jpg
Human,86.04698944091797,203630.jpg
Pencil Box,79.17021942138672,203630.jpg
Porcelain,59.77104568481445,203630.jpg
Pottery,59.77104568481445,203630.jpg
Art,59.77104568481445,203630.jpg
Treasure,57.24032974243164,203630.jpg
Porcelain,96.80888366699219,203631.jpg
Art,96.80888366699219,203631.jpg
Pottery,96.80888366699219,203631.jpg
Furniture,83.83546447753906,203631.jpg
Box,78.61043548583984,203631.jpg
Tin,56.11259841918945,203631.jpg
Furniture,99.90580749511719,204597.jpg
Bronze,62.401893615722656,204597.jpg
Sideboard,58.58461380004883,204597.jpg
Buckle,58.15650939941406,204597.jpg
Silver,58.0980224609375,204597.jpg
Crystal,56.85920715332031,204597.jpg
Buckle,94.59358215332031,205209.jpg
Lamp,78.35051727294922,205209.jpg
Silver,63.320716857910156,205209.jpg
Buckle,94.8348617553711,205213.jpg
Locket,91.754119873046875,205213.jpg
Accessories,91.754119873046875,205213.jpg
Jewelry,91.754119873046875,205213.jpg
Pendant,91.754119873046875,205213.jpg
Accessory,91.754119873046875,205213.jpg
Bronze,82.67936706542969,205213.jpg
Coin,79.4185562133789,205213.jpg
Money,79.4185562133789,205213.jpg
Gold,56.58335494995117,205213.jpg
Ring,96.60783386230469,205290.jpg
Accessories,96.60783386230469,205290.jpg
Jewelry,96.60783386230469,205290.jpg
Accessory,96.60783386230469,205290.jpg
Platinum,89.81510162353516,205290.jpg
Wristwatch,76.85137176513672,205290.jpg
Silver,74.14020538330078,205290.jpg
Diamond,56.6512565612793,205290.jpg
Gemstone,56.6512565612793,205290.jpg
Plant,98.96288299560547,205346.jpg
Food,86.43309020996094,205346.jpg
Fruit,83.66776275634766,205346.jpg
Produce,67.2637710571289,205346.jpg
Vegetable,62.3132438659668,205346.jpg
Leaf,56.65987014770508,205346.jpg
Bottle,98.5914535522461,205392.jpg
Ink Bottle,95.17090606689453,205392.jpg
Tape,68.29370880126953,205392.jpg
Porcelain,99.99229431152344,205630.jpg
Pottery,99.99229431152344,205630.jpg
Art,99.99229431152344,205630.jpg
Bowl,99.609039306640625,205630.jpg
Purse,90.32389831542969,205630.jpg
Accessories,90.32389831542969,205630.jpg
Bag,90.32389831542969,205630.jpg
Handbag,90.32389831542969,205630.jpg
Accessory,90.32389831542969,205630.jpg
Soup Bowl,68.10430145263672,205630.jpg
Bowl,99.9359359741211,205869.jpg
Person,95.7181167602539,205869.jpg
Human,95.7181167602539,205869.jpg
Art,66.29570007324219,205869.jpg
Soup Bowl,64.85472106933594,205869.jpg
Steamer,59.75112533569336,205869.jpg
Porcelain,99.96073150634766,205871.jpg
Art,99.96073150634766,205871.jpg
Pottery,99.96073150634766,205871.jpg
Purse,84.5140609741211,205871.jpg
Accessories,84.5140609741211,205871.jpg
Bag,84.5140609741211,205871.jpg
Box,78.20317077636719,205871.jpg
Birthday Cake,76.855865478515625,205871.jpg
Food,76.855865478515625,205871.jpg
Dessert,76.855865478515625,205871.jpg
Porcelain,93.5367202758789,205872.jpg
Pottery,93.5367202758789,205872.jpg
Art,93.5367202758789,205872.jpg
Person,92.91435241699219,205872.jpg
Human,92.91435241699219,205872.jpg
Box,80.37679290771484,205872.jpg
Furniture,57.291751861572266,205872.jpg
Cabinet,56.1202507019043,205872.jpg
Porcelain,99.99959564208984,205873.jpg
Pottery,99.99959564208984,205873.jpg
Art,99.99959564208984,205873.jpg
Person,98.29815673828125,205873.jpg
Dish,84.89608001708984,205873.jpg
Food,84.89608001708984,205873.jpg
Meal,84.89608001708984,205873.jpg
Saucer,81.28022003173828,205873.jpg
Painting,68.34642028808594,205873.jpg
Vase,60.32322311401367,205873.jpg
Milk,99.265106201171875,205877.jpg
Beverage,99.265106201171875,205877.jpg
Drink,99.265106201171875,205877.jpg
Porcelain,63.89445495605469,205877.jpg
Art,63.89445495605469,205877.jpg
Pottery,63.89445495605469,205877.jpg
Furniture,99.2074203491211,206057.jpg
Porcelain,95.67366790771484,206057.jpg
Pottery,95.67366790771484,206057.jpg
Art,95.67366790771484,206057.jpg
Birthday Cake,83.77974700927734,206057.jpg
Food,83.77974700927734,206057.jpg
Dessert,83.77974700927734,206057.jpg
Cake,83.77974700927734,206057.jpg
Box,68.56952667236328,206057.jpg
Drawing,90.69915771484375,206069.jpg
Art,90.69915771484375,206069.jpg
Tattoo,97.4365005493164,206071.jpg
Porcelain,94.014129638671875,206071.jpg
Pottery,94.014129638671875,206071.jpg
Art,94.014129638671875,206071.jpg
Dessert,90.63660430908203,206071.jpg
Food,90.63660430908203,206071.jpg
Cake,90.35694122314453,206071.jpg
Icing,84.9663314819336,206071.jpg
Cream,84.9663314819336,206071.jpg
Ivory,61.2763786315918,206071.jpg
Porcelain,99.46463775634766,206072.jpg
Art,99.46463775634766,206072.jpg
Pottery,99.46463775634766,206072.jpg
Tattoo,88.65506744384766,206072.jpg
Skin,88.65506744384766,206072.jpg
Figurine,87.49627685546875,206072.jpg
Clothing,79.99872589111328,206072.jpg
Apparel,79.99872589111328,206072.jpg
Sculpture,77.342498779296875,206072.jpg
Statue,65.1101303100586,206072.jpg
Jar,71.12610626220703,206074.jpg
Food,70.17745208740234,206074.jpg
Pottery,66.84788513183594,206074.jpg
Furniture,64.58079528808594,206074.jpg
Plant,61.73276138305664,206074.jpg
Ring,61.667747497558594,206074.jpg
Accessories,61.667747497558594,206074.jpg
Porcelain,59.350555419921875,206074.jpg
Vegetable,57.19426345825195,206074.jpg
Sweets,55.19828414916992,206074.jpg
Box,98.65792083740234,206143.jpg
Logo,88.62255859375,206145.jpg
Trademark,88.62255859375,206145.jpg
Symbol,88.62255859375,206145.jpg
Wristwatch,71.72052001953125,206145.jpg
Accessories,61.36935043334961,206145.jpg
Accessory,61.36935043334961,206145.jpg
Silver,58.381103515625,206145.jpg
Wax Seal,56.83098220825195,206145.jpg
Dish,98.79396057128906,206148.jpg
Meal,98.79396057128906,206148.jpg
Food,98.79396057128906,206148.jpg
Platter,96.28508758544922,206148.jpg
Porcelain,94.8351058959961,206148.jpg
Art,94.8351058959961,206148.jpg
Pottery,94.8351058959961,206148.jpg
Rug,89.4603042602539,206148.jpg
Silver,66.65193176269531,206149.jpg
Box,66.17994689941406,206149.jpg
Crystal,55.789825439453125,206149.jpg
Ring,87.7076416015625,206151.jpg
Accessories,87.7076416015625,206151.jpg
Jewelry,87.7076416015625,206151.jpg
Accessory,87.7076416015625,206151.jpg
Silver,60.09157180786133,206151.jpg
Box,99.95478820800781,206158.jpg
Honey Bee,69.425628662109375,206158.jpg
Animal,69.425628662109375,206158.jpg
Invertebrate,69.425628662109375,206158.jpg
Insect,69.425628662109375,206158.jpg
Bee,69.425628662109375,206158.jpg
Treasure,58.64938735961914,206158.jpg
Ivory,56.75194549560547,206158.jpg
Locket,77.56050109863281,206160.jpg
Accessories,77.56050109863281,206160.jpg
Jewelry,77.56050109863281,206160.jpg
Pendant,77.56050109863281,206160.jpg
Accessory,77.56050109863281,206160.jpg
Ashtray,56.53556442260742,206160.jpg
Money,55.164268493652344,206160.jpg
Treasure,92.25567626953125,206161.jpg
Box,91.45359802246094,206161.jpg
Box,93.69612884521484,206162.jpg
Treasure,88.35965728759766,206162.jpg
Silver,74.81053924560547,206162.jpg
Gold,73.65087890625,206162.jpg
Person,98.3985595703125,206166.jpg
Human,98.3985595703125,206166.jpg
Accessories,92.03862762451172,206166.jpg
Accessory,92.03862762451172,206166.jpg
Jewelry,91.54707336425781,206166.jpg
Buckle,75.12682342529297,206166.jpg
Art,63.531211853027344,206166.jpg
Gold,62.7087516784668,206166.jpg
Brooch,61.20273208618164,206166.jpg
Bronze,59.45014190673828,206166.jpg
Person,96.76847076416016,206167.jpg
Human,96.76847076416016,206167.jpg
Art,69.92285919189453,206167.jpg
Pottery,67.77507019042969,206167.jpg
Porcelain,57.335445404052734,206167.jpg
Silver,93.85063171386719,206273.jpg
Ring,84.564727783203125,206273.jpg
Accessories,84.564727783203125,206273.jpg
Jewelry,84.564727783203125,206273.jpg
Accessory,84.564727783203125,206273.jpg
Pottery,81.01311492919922,206273.jpg
Silver,77.07893371582031,206274.jpg
Ashtray,74.10102844238281,206274.jpg
Ring,64.79827880859375,206274.jpg
Accessories,64.79827880859375,206274.jpg
Art,62.61162567138672,206274.jpg
Aluminium,61.25456619262695,206274.jpg
Crystal,58.010494232177734,206274.jpg
Pottery,57.466552734375,206274.jpg
Dish,55.73597717285156,206274.jpg
Food,55.73597717285156,206274.jpg
Purse,99.91236877441406,206404.jpg
Accessories,99.91236877441406,206404.jpg
Bag,99.91236877441406,206404.jpg
Handbag,99.91236877441406,206404.jpg
Accessory,99.91236877441406,206404.jpg
Porcelain,86.97322082519531,206404.jpg
Pottery,86.97322082519531,206404.jpg
Art,86.97322082519531,206404.jpg
Box,86.44339752197266,206404.jpg
Treasure,58.508201599121094,206404.jpg
Furniture,98.67713928222656,206405.jpg
Birthday Cake,85.539215087890625,206405.jpg
Food,85.539215087890625,206405.jpg
Dessert,85.539215087890625,206405.jpg
Cake,85.539215087890625,206405.jpg
Pottery,72.75138854980469,206405.jpg
Jar,66.94270324707031,206405.jpg
Rug,61.05517578125,206405.jpg
Treasure,94.894500732421875,206406.jpg
Box,80.62359619140625,206406.jpg
Treasure,87.67356872558594,206407.jpg
Box,85.071197509765625,206407.jpg
Gold,97.77662658691406,206408.jpg
Ring,79.41719055175781,206408.jpg
Accessories,79.41719055175781,206408.jpg
Jewelry,79.41719055175781,206408.jpg
Accessory,79.41719055175781,206408.jpg
Bronze,58.42539978027344,206408.jpg
Box,96.72271728515625,206409.jpg
Treasure,68.075836181640625,206409.jpg
Face Makeup,96.67939758300781,206410.jpg
Cosmetics,96.67939758300781,206410.jpg
Painting,67.87467956542969,206410.jpg
Art,67.87467956542969,206410.jpg
Box,93.48162078857422,206411.jpg
Rug,90.11859130859375,206411.jpg
Carton,65.180816650390625,206411.jpg
Cardboard,65.180816650390625,206411.jpg
Gold,98.47859191894531,206412.jpg
Bronze,96.3538818359375,206412.jpg
Purse,87.17935943603516,206412.jpg
Accessories,87.17935943603516,206412.jpg
Bag,87.17935943603516,206412.jpg
Handbag,87.17935943603516,206412.jpg
Accessory,87.17935943603516,206412.jpg
Box,99.79146575927734,206413.jpg
Pottery,57.0974006652832,206413.jpg
Jar,55.047603607177734,206413.jpg
Bronze,99.7773666381836,206414.jpg
Gold,97.181640625,206414.jpg
Ring,80.5615234375,206414.jpg
Accessories,80.5615234375,206414.jpg
Jewelry,80.5615234375,206414.jpg
Wristwatch,70.561492919921875,206414.jpg
Clock Tower,62.52787399291992,206414.jpg
Building,62.52787399291992,206414.jpg
Architecture,62.52787399291992,206414.jpg
Tower,62.52787399291992,206414.jpg
Box,99.26335144042969,206415.jpg
Purse,79.71480560302734,206415.jpg
Accessories,79.71480560302734,206415.jpg
Bag,79.71480560302734,206415.jpg
Handbag,79.71480560302734,206415.jpg
Porcelain,68.38734436035156,206415.jpg
Pottery,68.38734436035156,206415.jpg
Art,68.38734436035156,206415.jpg
Carton,60.22413635253906,206415.jpg
Cardboard,60.22413635253906,206415.jpg
Box,99.1588134765625,206416.jpg
Treasure,58.38454055786133,206416.jpg
Box,98.94344329833984,206417.jpg
Treasure,71.86332702636719,206417.jpg
Ivory,56.5467414855957,206417.jpg
Gold,55.5482292175293,206417.jpg
Ring,96.40959167480469,206418.jpg
Accessories,96.40959167480469,206418.jpg
Jewelry,96.40959167480469,206418.jpg
Accessory,96.40959167480469,206418.jpg
Bangles,93.77216339111328,206418.jpg
Gold,85.30530548095703,206418.jpg
Money,63.42133712768555,206419.jpg
Coin,60.233314514160156,206419.jpg
Bronze,59.39341354370117,206419.jpg
Person,98.29224395751953,206420.jpg
Human,98.29224395751953,206420.jpg
Art,92.58329010009766,206420.jpg
Rug,61.96837615966797,206420.jpg
Porcelain,56.26454162597656,206420.jpg
Pottery,56.26454162597656,206420.jpg
Treasure,99.0936050415039,206421.jpg
Porcelain,98.18492889404297,206421.jpg
Pottery,98.18492889404297,206421.jpg
Art,98.18492889404297,206421.jpg
Person,86.96879577636719,206421.jpg
Human,86.96879577636719,206421.jpg
Box,84.03531646728516,206421.jpg
Furniture,61.331764221191406,206421.jpg
Coin,56.89273452758789,206421.jpg
Money,56.89273452758789,206421.jpg
Box,86.66082000732422,206422.jpg
Money,66.50887298583984,206422.jpg
Treasure,58.04835891723633,206422.jpg
Furniture,57.53281784057617,206422.jpg
Ashtray,99.93279266357422,206451.jpg
Ring,73.29539489746094,206451.jpg
Accessories,73.29539489746094,206451.jpg
Jewelry,73.29539489746094,206451.jpg
Accessory,73.29539489746094,206451.jpg
Porcelain,94.9254379272461,206586.jpg
Art,94.9254379272461,206586.jpg
Pottery,94.9254379272461,206586.jpg
Dessert,87.366119384765625,206586.jpg
Food,87.366119384765625,206586.jpg
Jar,78.8370132446289,206586.jpg
Sweets,75.66038513183594,206586.jpg
Confectionery,75.66038513183594,206586.jpg
Cake,60.56124496459961,206586.jpg
Box,98.339324951171875,206630.jpg
Tin,67.28623962402344,206630.jpg
Porcelain,57.08613967895508,206630.jpg
Pottery,57.08613967895508,206630.jpg
Art,57.08613967895508,206630.jpg
Accessories,84.8909683227539,206636.jpg
Accessory,84.8909683227539,206636.jpg
Jewelry,80.846923828125,206636.jpg
Ring,59.636016845703125,206636.jpg
Silver,56.80192947387695,206636.jpg
Box,98.40967559814453,206668.jpg
Porcelain,72.8564682006836,206668.jpg
Pottery,72.8564682006836,206668.jpg
Art,72.8564682006836,206668.jpg
Plant,63.64596176147461,206668.jpg
Silver,94.52135467529297,206676.jpg
Purse,77.99481964111328,206676.jpg
Accessories,77.99481964111328,206676.jpg
Bag,77.99481964111328,206676.jpg
Handbag,77.99481964111328,206676.jpg
Accessory,77.99481964111328,206676.jpg
Ring,93.0136489868164,206831.jpg
Accessories,93.0136489868164,206831.jpg
Jewelry,93.0136489868164,206831.jpg
Accessory,93.0136489868164,206831.jpg
Sweets,68.59173583984375,206831.jpg
Food,68.59173583984375,206831.jpg
Confectionery,68.59173583984375,206831.jpg
Bird,99.22489929199219,206894.jpg
Animal,99.22489929199219,206894.jpg
Grouse,85.1627197265625,206894.jpg
Chicken,79.06005859375,206894.jpg
Fowl,79.06005859375,206894.jpg
Poultry,79.06005859375,206894.jpg
Partridge,68.257232666015625,206894.jpg
Pheasant,64.01058197021484,206894.jpg
Figurine,59.021236419677734,206894.jpg
Beak,57.45456314086914,206894.jpg
Person,91.450469970703125,207075.jpg
Human,91.450469970703125,207075.jpg
Tin,81.60535430908203,207075.jpg
Jacuzzi,63.2885627746582,207075.jpg
Tub,63.2885627746582,207075.jpg
Hot Tub,63.2885627746582,207075.jpg
Pottery,62.374671936035156,207075.jpg
Can,60.817222595214844,207075.jpg
Art,57.22061538696289,207075.jpg
Box,95.31999969482422,207209.jpg
Cream,98.55384826660156,207210.jpg
Creme,98.55384826660156,207210.jpg
Dessert,98.55384826660156,207210.jpg
Food,98.55384826660156,207210.jpg
Birthday Cake,96.89032745361328,207210.jpg
Cake,96.89032745361328,207210.jpg
Meal,91.53812408447266,207210.jpg
Dish,85.079803466796875,207210.jpg
Whipped Cream,77.3281021118164,207210.jpg
Sweets,95.4109115600586,207211.jpg
Food,95.4109115600586,207211.jpg
Dessert,91.167755126953125,207211.jpg
Meal,89.29582977294922,207211.jpg
Plant,88.36920166015625,207211.jpg
Dish,83.056854248046875,207211.jpg
Porcelain,75.42203521728516,207211.jpg
Pottery,75.42203521728516,207211.jpg
Yogurt,70.36076354980469,207211.jpg
Jar,60.96329879760742,207211.jpg
Box,91.60924530029297,207212.jpg
Art,73.769317626953125,207212.jpg
Silver,56.81250762939453,207212.jpg
Porcelain,56.58647537231445,207212.jpg
Pottery,56.58647537231445,207212.jpg
Porcelain,91.42940521240234,207213.jpg
Pottery,91.42940521240234,207213.jpg
Art,91.42940521240234,207213.jpg
Person,75.13844299316406,207213.jpg
Human,75.13844299316406,207213.jpg
Gold,60.6895751953125,207213.jpg
Jewelry,56.15660095214844,207213.jpg
Accessories,56.15660095214844,207213.jpg
Accessory,56.15660095214844,207213.jpg
Ring,98.79120635986328,207215.jpg
Cream,97.6246337890625,207215.jpg
Dessert,97.6246337890625,207215.jpg
Food,97.6246337890625,207215.jpg
Yogurt,81.82097625732422,207215.jpg
Whipped Cream,75.86003875732422,207215.jpg
Bowl,75.0822982788086,207215.jpg
Porcelain,64.236968994140625,207215.jpg
Pottery,64.236968994140625,207215.jpg
Sweets,55.48487854003906,207215.jpg
Milk,98.24553680419922,207216.jpg
Beverage,98.24553680419922,207216.jpg
Jar,77.187408447265625,207216.jpg
Pottery,73.91468048095703,207216.jpg
Ring,62.16598129272461,207216.jpg
Accessories,62.16598129272461,207216.jpg
Jewelry,62.16598129272461,207216.jpg
Porcelain,60.04007339477539,207216.jpg
Art,60.04007339477539,207216.jpg
Urn,59.834373474121094,207216.jpg
Porcelain,99.99994659423828,207217.jpg
Art,99.99994659423828,207217.jpg
Pottery,99.99994659423828,207217.jpg
Porcelain,99.9964370727539,207218.jpg
Pottery,99.9964370727539,207218.jpg
Art,99.9964370727539,207218.jpg
Wristwatch,84.005706787109375,207218.jpg
Drum,55.00871276855469,207218.jpg
Musical Instrument,55.00871276855469,207218.jpg
Percussion,55.00871276855469,207218.jpg
Figurine,97.864227294921875,207219.jpg
Cat,96.82176971435547,207219.jpg
Mammal,96.82176971435547,207219.jpg
Animal,96.82176971435547,207219.jpg
Pet,96.82176971435547,207219.jpg
Egyptian Cat,63.68525695800781,207219.jpg
Art,55.125038146972656,207219.jpg
Icing,98.1075210571289,207220.jpg
Dessert,98.1075210571289,207220.jpg
Cream,98.1075210571289,207220.jpg
Cake,98.1075210571289,207220.jpg
Food,98.1075210571289,207220.jpg
Helmet,94.9896011352539,207220.jpg
Clothing,94.9896011352539,207220.jpg
Cupcake,83.62960052490234,207220.jpg
Figurine,79.943084716796875,207220.jpg
Meal,70.95646667480469,207220.jpg
Porcelain,99.60002899169922,207221.jpg
Pottery,99.60002899169922,207221.jpg
Art,99.60002899169922,207221.jpg
Birthday Cake,99.521697998046875,207221.jpg
Cake,99.521697998046875,207221.jpg
Dessert,99.521697998046875,207221.jpg
Food,99.521697998046875,207221.jpg
Dish,96.02045440673828,207221.jpg
Meal,96.02045440673828,207221.jpg
Platter,57.2816047668457,207221.jpg
Porcelain,99.1394271850586,207223.jpg
Pottery,99.1394271850586,207223.jpg
Art,99.1394271850586,207223.jpg
Jar,73.19902801513672,207223.jpg
Bowl,58.93197250366211,207223.jpg
Animal,56.87149429321289,207223.jpg
Porcelain,91.63123321533203,207224.jpg
Pottery,91.63123321533203,207224.jpg
Art,91.63123321533203,207224.jpg
Jar,72.6583480834961,207224.jpg
Wristwatch,61.277095794677734,207224.jpg
Figurine,99.94918060302734,207225.jpg
Porcelain,97.42142486572266,207225.jpg
Art,97.42142486572266,207225.jpg
Pottery,97.42142486572266,207225.jpg
Ring,98.22975158691406,207226.jpg
Accessories,98.22975158691406,207226.jpg
Jewelry,98.22975158691406,207226.jpg
Drum,98.20841217041016,207226.jpg
Percussion,98.20841217041016,207226.jpg
Musical Instrument,98.20841217041016,207226.jpg
Tin,65.37806701660156,207226.jpg
Jar,59.84157180786133,207226.jpg
Porcelain,59.17494201660156,207226.jpg
Pottery,59.17494201660156,207226.jpg
Porcelain,99.9843521118164,207227.jpg
Pottery,99.9843521118164,207227.jpg
Art,99.9843521118164,207227.jpg
Milk,84.876251220703125,207227.jpg
Beverage,84.876251220703125,207227.jpg
Drink,84.876251220703125,207227.jpg
Jar,71.57109832763672,207227.jpg
Food,57.17394256591797,207227.jpg
Furniture,57.17109298706055,207227.jpg
Figurine,99.70835876464844,207229.jpg
Person,84.46817779541016,207229.jpg
Human,84.46817779541016,207229.jpg
Wedding Cake,82.3965072631836,207229.jpg
Food,82.3965072631836,207229.jpg
Cake,82.3965072631836,207229.jpg
Dessert,82.3965072631836,207229.jpg
Porcelain,77.625732421875,207229.jpg
Art,77.625732421875,207229.jpg
Pottery,77.625732421875,207229.jpg
Porcelain,97.769927978515625,207230.jpg
Art,97.769927978515625,207230.jpg
Pottery,97.769927978515625,207230.jpg
Furniture,76.55833435058594,207230.jpg
Box,75.70960235595703,207230.jpg
Treasure,66.61317443847656,207230.jpg
Silver,59.850074768066406,207230.jpg
Figurine,99.89654541015625,207231.jpg
Person,90.7917251586914,207231.jpg
Human,90.7917251586914,207231.jpg
Ivory,59.70799255371094,207231.jpg
Porcelain,99.99957275390625,207232.jpg
Pottery,99.99957275390625,207232.jpg
Art,99.99957275390625,207232.jpg
Birthday Cake,94.578521728515625,207232.jpg
Dessert,94.578521728515625,207232.jpg
Food,94.578521728515625,207232.jpg
Meal,85.64115905761719,207232.jpg
Saucer,85.4949722290039,207232.jpg
Bowl,82.57402038574219,207232.jpg
Dish,70.963348388671875,207232.jpg
Furniture,99.305908203125,207233.jpg
Porcelain,87.05726623535156,207233.jpg
Pottery,87.05726623535156,207233.jpg
Art,87.05726623535156,207233.jpg
Box,69.78962707519531,207233.jpg
Porcelain,99.65110778808594,207234.jpg
Pottery,99.65110778808594,207234.jpg
Art,99.65110778808594,207234.jpg
Egg,83.6688232421875,207234.jpg
Food,83.6688232421875,207234.jpg
Figurine,79.73625946044922,207234.jpg
Helmet,77.4814682006836,207234.jpg
Mouse,68.66151428222656,207234.jpg
Animal,65.07503509521484,207234.jpg
Piggy Bank,57.68920135498047,207234.jpg
Figurine,98.76154327392578,207235.jpg
Porcelain,98.4603500366211,207235.jpg
Art,98.4603500366211,207235.jpg
Pottery,98.4603500366211,207235.jpg
Sculpture,95.00952911376953,207235.jpg
Statue,88.99879455566406,207235.jpg
Person,82.215057373046875,207235.jpg
Head,75.71416473388672,207235.jpg
Wedding Cake,74.1329116821289,207235.jpg
Food,74.1329116821289,207235.jpg
Porcelain,99.649810791015625,207236.jpg
Pottery,99.649810791015625,207236.jpg
Art,99.649810791015625,207236.jpg
Person,95.35822296142578,207236.jpg
Jar,91.40367126464844,207236.jpg
Urn,82.1001205444336,207236.jpg
Vase,73.1867446899414,207236.jpg
Ring,70.43585205078125,207236.jpg
Accessories,70.43585205078125,207236.jpg
Clock Tower,59.21345138549805,207236.jpg
Bowl,99.851348876953125,207237.jpg
Porcelain,97.44930267333984,207237.jpg
Pottery,97.44930267333984,207237.jpg
Art,97.44930267333984,207237.jpg
Ring,87.64857482910156,207237.jpg
Accessories,87.64857482910156,207237.jpg
Soup Bowl,87.490509033203125,207237.jpg
Jar,75.371124267578125,207237.jpg
Person,63.972015380859375,207237.jpg
Urn,57.298763275146484,207237.jpg
Porcelain,93.55916595458984,207238.jpg
Art,93.55916595458984,207238.jpg
Pottery,93.55916595458984,207238.jpg
Dessert,89.024017333984375,207238.jpg
Food,89.024017333984375,207238.jpg
Yogurt,85.08592224121094,207238.jpg
Birthday Cake,73.727386474609375,207238.jpg
Cake,73.727386474609375,207238.jpg
Jar,70.15032958984375,207238.jpg
Wedding Cake,61.15526580810547,207238.jpg
Porcelain,99.90091705322266,207239.jpg
Pottery,99.90091705322266,207239.jpg
Art,99.90091705322266,207239.jpg
Jar,98.58055877685547,207239.jpg
Vase,84.67423248291016,207239.jpg
Urn,75.08106231689453,207239.jpg
Person,60.040401458740234,207239.jpg
Human,60.040401458740234,207239.jpg
Clothing,99.9909896850586,207240.jpg
Apparel,99.9909896850586,207240.jpg
Shoe,99.304473876953125,207240.jpg
Footwear,99.304473876953125,207240.jpg
Clogs,91.54805755615234,207240.jpg
Pottery,75.26519775390625,207240.jpg
Porcelain,97.6705093383789,207241.jpg
Pottery,97.6705093383789,207241.jpg
Meal,88.31535339355469,207241.jpg
Food,88.31535339355469,207241.jpg
Dish,82.95528411865234,207241.jpg
Animal,78.17498016357422,207241.jpg
Lizard,74.357421875,207241.jpg
Plant,74.066009521484375,207241.jpg
Seafood,72.34973907470703,207241.jpg
Sea Life,71.56005096435547,207241.jpg
Ring,89.26408386230469,207242.jpg
Accessories,89.26408386230469,207242.jpg
Jewelry,89.26408386230469,207242.jpg
Accessory,89.26408386230469,207242.jpg
Cuff,92.45771026611328,207410.jpg
Buckle,89.99845886230469,207410.jpg
Platinum,71.76383972167969,207410.jpg
Wallet,59.74501419067383,207410.jpg
Accessories,59.74501419067383,207410.jpg
Accessory,59.74501419067383,207410.jpg
Silver,58.74724197387695,207410.jpg
Buckle,72.87480926513672,207415.jpg
Wallet,58.60762023925781,207415.jpg
Accessories,58.60762023925781,207415.jpg
Accessory,58.60762023925781,207415.jpg
Lighter,74.33333587646484,207419.jpg
Rug,68.50590515136719,207419.jpg
Wallet,61.23311233520508,207419.jpg
Accessories,61.23311233520508,207419.jpg
Accessory,61.23311233520508,207419.jpg
Pencil Box,57.549278259277344,207419.jpg
Pottery,94.395111083984375,207421.jpg
Jar,85.00587463378906,207421.jpg
Wristwatch,84.67342376708984,207421.jpg
Clock Tower,75.84354400634766,207421.jpg
Building,75.84354400634766,207421.jpg
Architecture,75.84354400634766,207421.jpg
Tower,75.84354400634766,207421.jpg
Vase,69.667755126953125,207421.jpg
Map,95.0787124633789,208075.jpg
Diagram,95.0787124633789,208075.jpg
Plot,90.5792007446289,208075.jpg
Passport,76.57432556152344,208075.jpg
Text,76.57432556152344,208075.jpg
Document,76.57432556152344,208075.jpg
Id Cards,76.57432556152344,208075.jpg
Atlas,70.52787780761719,208075.jpg
Rug,62.22256851196289,208075.jpg
Box,78.0143051147461,208153.jpg
Pottery,75.655364990234375,208153.jpg
Jar,74.5806655883789,208153.jpg
Jewelry,58.413841247558594,208153.jpg
Accessories,58.413841247558594,208153.jpg
Accessory,58.413841247558594,208153.jpg
Porcelain,58.08107376098633,208153.jpg
Art,58.08107376098633,208153.jpg
Silver,57.78286361694336,208153.jpg
Snake,75.4932861328125,208522.jpg
Animal,75.4932861328125,208522.jpg
Reptile,75.4932861328125,208522.jpg
Pottery,64.38795471191406,208522.jpg
Buckle,63.85276412963867,208522.jpg
Silver,63.21985626220703,208522.jpg
Box,74.48960876464844,208540.jpg
Painting,98.47599029541016,209241.jpg
Art,98.47599029541016,209241.jpg
Person,96.64036560058594,209241.jpg
Human,96.64036560058594,209241.jpg
Box,90.07511138916016,209306.jpg
Rug,73.99464416503906,209306.jpg
Bowl,86.08110809326172,209992.jpg
Porcelain,83.32008361816406,209992.jpg
Art,83.32008361816406,209992.jpg
Pottery,83.32008361816406,209992.jpg
Jar,63.634403228759766,209992.jpg
Tin,60.91244888305664,209992.jpg
Cosmetics,56.32289505004883,209992.jpg
Ring,82.005584716796875,210078.jpg
Accessories,82.005584716796875,210078.jpg
Jewelry,82.005584716796875,210078.jpg
Accessory,82.005584716796875,210078.jpg
Wristwatch,63.41788101196289,210078.jpg
Furniture,62.941436767578125,210078.jpg
Cuff,56.363224029541016,210078.jpg
Ring,95.25373840332031,210163.jpg
Accessories,95.25373840332031,210163.jpg
Jewelry,95.25373840332031,210163.jpg
Accessory,95.25373840332031,210163.jpg
Silver,93.897430419921875,210163.jpg
Animal,81.4971923828125,210189.jpg
Toy,80.3237075805664,210189.jpg
Bird,78.815185546875,210189.jpg
Porcelain,74.79624938964844,210189.jpg
Beak,73.96156311035156,210189.jpg
Head,72.28874206542969,210189.jpg
Clothing,69.490081787109375,210189.jpg
Figurine,68.58626556396484,210189.jpg
Accessories,63.08341598510742,210189.jpg
Sphere,58.4240837097168,210189.jpg
Box,99.55889129638672,231074.jpg
Plant,89.34593200683594,231074.jpg
Treasure,76.76777648925781,231074.jpg
Food,69.457061767578125,231074.jpg
Jar,61.795597076416016,231074.jpg
Leaf,57.36153793334961,231074.jpg
Dessert,55.889610290527344,231074.jpg
Ring,98.61798858642578,236585.jpg
Accessories,98.61798858642578,236585.jpg
Jewelry,98.61798858642578,236585.jpg
Accessory,98.61798858642578,236585.jpg
Ashtray,98.41577911376953,236585.jpg
Painting,99.626190185546875,343767.jpg
Art,99.626190185546875,343767.jpg
Person,97.6404037475586,343767.jpg
Human,97.6404037475586,343767.jpg
Archaeology,61.38747024536133,343767.jpg
Soil,55.671173095703125,343767.jpg
Rug,98.97786712646484,343828.jpg
Pattern,66.80583190917969,343828.jpg
Box,99.948577880859375,460479.jpg
Porcelain,94.97891998291016,460479.jpg
Art,94.97891998291016,460479.jpg
Pottery,94.97891998291016,460479.jpg
Furniture,76.85266876220703,460479.jpg
Box,93.785797119140625,460480.jpg
Pencil Box,56.33887481689453,460480.jpg
Bronze,95.17516326904297,460489.jpg
Ring,81.28669738769531,460489.jpg
Jewelry,81.28669738769531,460489.jpg
Accessories,81.28669738769531,460489.jpg
Accessory,81.28669738769531,460489.jpg
Money,75.56150817871094,460489.jpg
Coin,71.79853820800781,460489.jpg
Gold,55.18041229248047,460489.jpg
Box,80.35198211669922,460506.jpg
Carton,57.414833068847656,460506.jpg
Cardboard,57.414833068847656,460506.jpg
Treasure,56.45522689819336,460506.jpg
Accessories,82.272125244140625,460516.jpg
Accessory,82.272125244140625,460516.jpg
Jewelry,72.83537292480469,460516.jpg
Cuff,64.62565612792969,460516.jpg
Furniture,59.24937057495117,460516.jpg
Ring,95.60509490966797,460517.jpg
Accessories,95.60509490966797,460517.jpg
Jewelry,95.60509490966797,460517.jpg
Accessory,95.60509490966797,460517.jpg
Gold,81.08229064941406,460517.jpg
Bronze,58.53963851928711,460517.jpg
Box,99.672515869140625,460522.jpg
Treasure,99.26732635498047,460522.jpg
Bird,94.08037567138672,460522.jpg
Animal,94.08037567138672,460522.jpg
Person,72.0777816772461,460522.jpg
Human,72.0777816772461,460522.jpg
Box,99.738555908203125,460566.jpg
Treasure,88.10498046875,460566.jpg
Lighting,71.40132141113281,460566.jpg
Silver,65.28794860839844,460566.jpg
Porcelain,60.57425308227539,460566.jpg
Pottery,60.57425308227539,460566.jpg
Art,60.57425308227539,460566.jpg
Box,99.88722229003906,460913.jpg
Treasure,86.45948028564453,460913.jpg
Gold,55.0287971496582,460913.jpg
Ring,97.32356262207031,460924.jpg
Jewelry,97.32356262207031,460924.jpg
Accessories,97.32356262207031,460924.jpg
Accessory,97.32356262207031,460924.jpg
Gold,90.2414321899414,460924.jpg
Bangles,59.605899810791016,460924.jpg
Box,99.74571228027344,461108.jpg
Porcelain,99.61457061767578,461108.jpg
Pottery,99.61457061767578,461108.jpg
Art,99.61457061767578,461108.jpg
Carton,56.27927780151367,461108.jpg
Cardboard,56.27927780151367,461108.jpg
Furniture,96.11608123779297,461112.jpg
Box,90.43070983886719,461112.jpg
Porcelain,99.80683135986328,461201.jpg
Art,99.80683135986328,461201.jpg
Pottery,99.80683135986328,461201.jpg
Box,99.61617279052734,461201.jpg
Box,98.9646224975586,461204.jpg
Treasure,96.4455337524414,461204.jpg
Gold,94.55988311767578,461204.jpg
Porcelain,98.48274230957031,461265.jpg
Pottery,98.48274230957031,461265.jpg
Art,98.48274230957031,461265.jpg
Box,87.73309326171875,461265.jpg
Carton,69.42694091796875,461265.jpg
Cardboard,69.42694091796875,461265.jpg
Rug,60.95703125,461265.jpg
Ring,90.57371520996094,461530.jpg
Accessories,90.57371520996094,461530.jpg
Jewelry,90.57371520996094,461530.jpg
Accessory,90.57371520996094,461530.jpg
Bangles,55.97012710571289,461530.jpg
Ring,95.87773895263672,461697.jpg
Accessories,95.87773895263672,461697.jpg
Jewelry,95.87773895263672,461697.jpg
Accessory,95.87773895263672,461697.jpg
Gold,78.69215393066406,461697.jpg
Bowl,99.9900894165039,7562.jpg
Soup Bowl,86.095794677734375,7562.jpg
Ring,80.675079345703125,7562.jpg
Accessories,80.675079345703125,7562.jpg
Tabletop,73.214141845703125,7562.jpg
Furniture,73.214141845703125,7562.jpg
Mixing Bowl,71.248138427734375,7562.jpg
Pottery,71.13813018798828,7562.jpg
Porcelain,71.0556640625,7562.jpg
Cutlery,60.56859588623047,7562.jpg
Ring,90.763275146484375,7563.jpg
Accessories,90.763275146484375,7563.jpg
Jewelry,90.763275146484375,7563.jpg
Accessory,90.763275146484375,7563.jpg
Cosmetics,74.06047058105469,7563.jpg
Tin,73.36333465576172,7563.jpg
Face Makeup,67.92645263671875,7563.jpg
Jar,56.29629898071289,7563.jpg
Can,55.660919189453125,7563.jpg
Person,63.309295654296875,7564.jpg
Human,63.309295654296875,7564.jpg
Jar,60.32643508911133,7564.jpg
Coin,91.75859069824219,7565.jpg
Money,91.75859069824219,7565.jpg
Bronze,85.78849792480469,7565.jpg
Gold,65.4763412475586,7565.jpg
Ring,95.3891830444336,7566.jpg
Accessories,95.3891830444336,7566.jpg
Jewelry,95.3891830444336,7566.jpg
Accessory,95.3891830444336,7566.jpg
Silver,56.08125305175781,7566.jpg
Bronze,97.28031921386719,825955.jpg
Furniture,97.26341247558594,825955.jpg
Treasure,96.607208251953125,825955.jpg
Table,68.70306396484375,825955.jpg
Sideboard,62.79875564575195,825955.jpg
Box,59.850494384765625,825955.jpg
Wood,59.113468170166016,825955.jpg
Coffee Table,55.797950744628906,825955.jpg
Porcelain,98.40876770019531,838314.jpg
Art,98.40876770019531,838314.jpg
Pottery,98.40876770019531,838314.jpg
Animal,83.268280029296875,838314.jpg
Invertebrate,80.02971649169922,838314.jpg
Sea Life,75.83135223388672,838314.jpg
Birthday Cake,74.48998260498047,838314.jpg
Food,74.48998260498047,838314.jpg
Saucer,63.71105194091797,838314.jpg
Clam,59.847633361816406,838314.jpg
